minutes,tcp_api_gateway,tcp_source,tcp_Minutes,tcp_customers_service,tcp_source,tcp_Minutes,tcp_Minutes,tcp_source,tcp_SRTT_cumulative,tcp_vets_service,tcp_source,tcp_Minutes,tcp_visits_service,tcp_source,tcp_Minutes
0.0,0,NET_LOSS,0.0,0,NET_LOSS,0.0,0.0,NET_LOSS,1095.0,0.0,NET_LOSS,0.0,0,NET_LOSS,0.0
0.25,0,NET_LOSS,0.25,0,NET_LOSS,0.25,0.25,NET_LOSS,1096.0,0.0,NET_LOSS,0.25,0,NET_LOSS,0.25
0.5,0,NET_LOSS,0.5,0,NET_LOSS,0.5,0.5,NET_LOSS,1000.0,0.0,NET_LOSS,0.5,0,NET_LOSS,0.5
0.75,0,NET_LOSS,0.75,0,NET_LOSS,0.75,0.75,NET_LOSS,993.5,0.0,NET_LOSS,0.75,0,NET_LOSS,0.75
1.0,0,NET_LOSS,1.0,0,NET_LOSS,1.0,1.0,NET_LOSS,1691.0,0.0,NET_LOSS,1.0,0,NET_LOSS,1.0
1.25,0,NET_LOSS,1.25,0,NET_LOSS,1.25,1.25,NET_LOSS,1691.0,0.0,NET_LOSS,1.25,0,NET_LOSS,1.25
1.5,0,NET_LOSS,1.5,0,NET_LOSS,1.5,1.5,NET_LOSS,1685.0,0.0,NET_LOSS,1.5,0,NET_LOSS,1.5
1.75,0,NET_LOSS,1.75,0,NET_LOSS,1.75,1.75,NET_LOSS,1702.6449409340669,0.0,NET_LOSS,1.75,0,NET_LOSS,1.75
2.0,0,NET_LOSS,2.0,0,NET_LOSS,2.0,2.0,NET_LOSS,1724.944241383617,0.0,NET_LOSS,2.0,0,NET_LOSS,2.0
2.25,0,NET_LOSS,2.25,0,NET_LOSS,2.25,2.25,NET_LOSS,1768.889444541569,0.0,NET_LOSS,2.25,0,NET_LOSS,2.25
2.5,0,NET_LOSS,2.5,0,NET_LOSS,2.5,2.5,NET_LOSS,1833.2993603202349,0.0,NET_LOSS,2.5,0,NET_LOSS,2.5
2.75,0,NET_LOSS,2.75,0,NET_LOSS,2.75,2.75,NET_LOSS,1841.76642074592,0.0,NET_LOSS,2.75,0,NET_LOSS,2.75
3.0,0,NET_LOSS,3.0,42,NET_LOSS,3.0,3.0,NET_LOSS,1838.42655994006,0.0,NET_LOSS,3.0,0,NET_LOSS,3.0
3.25,0,NET_LOSS,3.25,42,NET_LOSS,3.25,3.25,NET_LOSS,1928.4126471306477,0.0,NET_LOSS,3.25,0,NET_LOSS,3.25
3.5,0,NET_LOSS,3.5,42,NET_LOSS,3.5,3.5,NET_LOSS,1991.118121989122,0.0,NET_LOSS,3.5,0,NET_LOSS,3.5
3.75,0,NET_LOSS,3.75,42,NET_LOSS,3.75,3.75,NET_LOSS,2029.6011331862585,0.0,NET_LOSS,3.75,0,NET_LOSS,3.75
4.0,0,NET_LOSS,4.0,0,NET_LOSS,4.0,4.0,NET_LOSS,2043.9184931269708,0.0,NET_LOSS,4.0,0,NET_LOSS,4.0
4.25,0,NET_LOSS,4.25,0,NET_LOSS,4.25,4.25,NET_LOSS,2103.064350421085,0.0,NET_LOSS,4.25,0,NET_LOSS,4.25
4.5,0,NET_LOSS,4.5,0,NET_LOSS,4.5,4.5,NET_LOSS,2155.1160067024907,0.0,NET_LOSS,4.5,0,NET_LOSS,4.5
4.75,0,NET_LOSS,4.75,0,NET_LOSS,4.75,4.75,NET_LOSS,2201.714993457984,0.0,NET_LOSS,4.75,0,NET_LOSS,4.75
5.0,0,NET_LOSS,5.0,71,NET_LOSS,5.0,5.0,NET_LOSS,2231.4864654126955,0.0,NET_LOSS,20.0,0,NET_LOSS,5.0
5.25,0,NET_LOSS,5.25,71,NET_LOSS,5.25,5.25,NET_LOSS,2287.932798205522,0.0,NET_LOSS,20.25,0,NET_LOSS,5.25
5.5,0,NET_LOSS,5.5,71,NET_LOSS,5.5,5.5,NET_LOSS,2354.6104707792206,0.0,NET_LOSS,20.5,0,NET_LOSS,5.5
5.75,0,NET_LOSS,5.75,71,NET_LOSS,5.75,5.75,NET_LOSS,2390.055415861915,0.0,NET_LOSS,20.75,0,NET_LOSS,5.75
6.0,0,NET_LOSS,6.0,40,NET_LOSS,6.0,6.0,NET_LOSS,2404.9982365689866,0.0,NET_LOSS,21.0,0,NET_LOSS,6.0
6.25,0,NET_LOSS,6.25,40,NET_LOSS,6.25,6.25,NET_LOSS,2421.597463120213,0.0,NET_LOSS,21.25,0,NET_LOSS,6.25
6.5,0,NET_LOSS,6.5,40,NET_LOSS,6.5,6.5,NET_LOSS,2423.0388600843603,0.0,NET_LOSS,21.5,0,NET_LOSS,6.5
6.75,0,NET_LOSS,6.75,40,NET_LOSS,6.75,6.75,NET_LOSS,2422.124734182484,0.0,NET_LOSS,21.75,0,NET_LOSS,6.75
7.0,0,NET_LOSS,7.0,79,NET_LOSS,7.0,7.0,NET_LOSS,2420.422032217783,0.0,NET_LOSS,22.0,0,NET_LOSS,7.0
7.25,0,NET_LOSS,7.25,79,NET_LOSS,7.25,7.25,NET_LOSS,2395.752090881341,0.0,NET_LOSS,22.25,0,NET_LOSS,7.25
7.5,0,NET_LOSS,7.5,79,NET_LOSS,7.5,7.5,NET_LOSS,2400.5707913475408,0.0,NET_LOSS,22.5,0,NET_LOSS,7.5
7.75,0,NET_LOSS,7.75,79,NET_LOSS,7.75,7.75,NET_LOSS,2437.6315927960923,0.0,NET_LOSS,22.75,0,NET_LOSS,7.75
8.0,0,NET_LOSS,8.0,0,NET_LOSS,8.0,8.0,NET_LOSS,2410.9988298368307,0.0,NET_LOSS,23.0,0,NET_LOSS,8.0
8.25,0,NET_LOSS,8.25,0,NET_LOSS,8.25,8.25,NET_LOSS,2456.457621850372,0.0,NET_LOSS,23.25,0,NET_LOSS,8.25
8.5,0,NET_LOSS,8.5,0,NET_LOSS,8.5,8.5,NET_LOSS,2477.194981962481,0.0,NET_LOSS,23.5,0,NET_LOSS,8.5
8.75,0,NET_LOSS,8.75,0,NET_LOSS,8.75,8.75,NET_LOSS,2522.4245798923303,0.0,NET_LOSS,23.75,0,NET_LOSS,8.75
9.0,0,NET_LOSS,9.0,54,NET_LOSS,9.0,9.0,NET_LOSS,2558.5,0.0,NET_LOSS,24.0,0,NET_LOSS,9.0
9.25,0,NET_LOSS,9.25,54,NET_LOSS,9.25,9.25,NET_LOSS,2685.0,0.0,NET_LOSS,24.25,0,NET_LOSS,9.25
9.5,0,NET_LOSS,9.5,54,NET_LOSS,9.5,9.5,NET_LOSS,2689.0,0.0,NET_LOSS,24.5,0,NET_LOSS,9.5
9.75,0,NET_LOSS,9.75,54,NET_LOSS,9.75,9.75,NET_LOSS,2672.0,0.0,NET_LOSS,24.75,0,NET_LOSS,9.75
10.0,0,NET_LOSS,10.0,0,NET_LOSS,10.0,10.0,NET_LOSS,2657.0,0.0,NET_LOSS,25.0,0,NET_LOSS,10.0
10.25,0,NET_LOSS,10.25,0,NET_LOSS,10.25,10.25,NET_LOSS,2668.5,0.0,NET_LOSS,25.25,0,NET_LOSS,10.25
10.5,0,NET_LOSS,10.5,0,NET_LOSS,10.5,10.5,NET_LOSS,2675.0,0.0,NET_LOSS,25.5,0,NET_LOSS,10.5
10.75,0,NET_LOSS,10.75,0,NET_LOSS,10.75,10.75,NET_LOSS,2876.0,0.0,NET_LOSS,25.75,0,NET_LOSS,10.75
11.0,0,NET_LOSS,11.0,0,NET_LOSS,11.0,11.0,NET_LOSS,2700.0,0.0,NET_LOSS,26.0,0,NET_LOSS,11.0
11.25,0,NET_LOSS,11.25,0,NET_LOSS,11.25,11.25,NET_LOSS,2699.0,0.0,NET_LOSS,26.25,0,NET_LOSS,11.25
11.5,0,NET_LOSS,11.5,0,NET_LOSS,11.5,11.5,NET_LOSS,2704.265206198431,0.0,NET_LOSS,26.5,0,NET_LOSS,11.5
11.75,0,NET_LOSS,11.75,0,NET_LOSS,11.75,11.75,NET_LOSS,2775.5089000832486,0.0,NET_LOSS,26.75,0,NET_LOSS,11.75
12.0,0,NET_LOSS,12.0,0,NET_LOSS,12.0,12.0,NET_LOSS,2815.733568609168,0.0,NET_LOSS,31.0,0,NET_LOSS,12.0
12.25,0,NET_LOSS,12.25,0,NET_LOSS,12.25,12.25,NET_LOSS,2828.1225570774263,0.0,NET_LOSS,31.25,0,NET_LOSS,12.25
12.5,0,NET_LOSS,12.5,0,NET_LOSS,12.5,12.5,NET_LOSS,2879.5317869521787,0.0,NET_LOSS,31.5,0,NET_LOSS,12.5
12.75,0,NET_LOSS,12.75,0,NET_LOSS,12.75,12.75,NET_LOSS,2916.300175949052,0.0,NET_LOSS,31.75,0,NET_LOSS,12.75
13.0,0,NET_LOSS,13.0,51,NET_LOSS,13.0,13.0,NET_LOSS,2923.3689914252423,0.0,NET_LOSS,32.0,0,NET_LOSS,13.0
13.25,0,NET_LOSS,13.25,51,NET_LOSS,13.25,13.25,NET_LOSS,2900.793467532468,0.0,NET_LOSS,32.25,0,NET_LOSS,13.25
13.5,0,NET_LOSS,13.5,51,NET_LOSS,13.5,13.5,NET_LOSS,2965.986900360751,0.0,NET_LOSS,32.5,0,NET_LOSS,13.5
13.75,0,NET_LOSS,13.75,51,NET_LOSS,13.75,13.75,NET_LOSS,3033.897427779956,0.0,NET_LOSS,32.75,0,NET_LOSS,13.75
14.0,0,NET_LOSS,14.0,0,NET_LOSS,14.0,14.0,NET_LOSS,3200.793823470341,0.0,NET_LOSS,33.0,0,NET_LOSS,14.0
14.25,0,NET_LOSS,14.25,0,NET_LOSS,14.25,14.25,NET_LOSS,3448.8899396159395,0.0,NET_LOSS,33.25,0,NET_LOSS,14.25
14.5,0,NET_LOSS,14.5,0,NET_LOSS,14.5,14.5,NET_LOSS,3610.227186263085,0.0,NET_LOSS,33.5,0,NET_LOSS,14.5
14.75,0,NET_LOSS,14.75,0,NET_LOSS,14.75,14.75,NET_LOSS,3613.6110125804144,0.0,NET_LOSS,33.75,0,NET_LOSS,14.75
15.0,0,NET_LOSS,15.0,0,NET_LOSS,15.0,15.0,NET_LOSS,3612.5831990026254,0.0,NET_LOSS,34.0,0,NET_LOSS,15.0
15.25,0,NET_LOSS,15.25,0,NET_LOSS,15.25,15.25,NET_LOSS,3781.060176557742,0.0,NET_LOSS,34.25,0,NET_LOSS,15.25
15.5,0,NET_LOSS,15.5,0,NET_LOSS,15.5,15.5,NET_LOSS,3854.0136431809456,0.0,NET_LOSS,34.5,0,NET_LOSS,15.5
15.75,0,NET_LOSS,15.75,0,NET_LOSS,15.75,15.75,NET_LOSS,3905.4859648918577,0.0,NET_LOSS,34.75,0,NET_LOSS,15.75
16.0,0,NET_LOSS,16.0,0,NET_LOSS,16.0,16.0,NET_LOSS,3951.53645610979,0.0,NET_LOSS,35.0,0,NET_LOSS,16.0
16.25,0,NET_LOSS,16.25,0,NET_LOSS,16.25,16.25,NET_LOSS,3917.1245393781287,0.0,NET_LOSS,35.25,0,NET_LOSS,16.25
16.5,0,NET_LOSS,16.5,0,NET_LOSS,16.5,16.5,NET_LOSS,3901.716433497897,0.0,NET_LOSS,35.5,0,NET_LOSS,16.5
16.75,0,NET_LOSS,16.75,0,NET_LOSS,16.75,16.75,NET_LOSS,3890.009955105505,0.0,NET_LOSS,35.75,0,NET_LOSS,16.75
17.0,0,NET_LOSS,17.0,6,NET_LOSS,17.0,17.0,NET_LOSS,3958.330412236996,0.0,NET_LOSS,36.0,0,NET_LOSS,17.0
17.25,0,NET_LOSS,17.25,6,NET_LOSS,17.25,17.25,NET_LOSS,4078.1875130990047,0.0,NET_LOSS,36.25,0,NET_LOSS,17.25
17.5,0,NET_LOSS,17.5,6,NET_LOSS,17.5,17.5,NET_LOSS,4069.139664043472,0.0,NET_LOSS,36.5,0,NET_LOSS,17.5
17.75,0,NET_LOSS,17.75,6,NET_LOSS,17.75,17.75,NET_LOSS,3990.978232080055,0.0,NET_LOSS,36.75,0,NET_LOSS,17.75
18.0,0,NET_LOSS,18.0,6,NET_LOSS,18.0,18.0,NET_LOSS,3997.975344530469,0.0,NET_LOSS,37.0,0,NET_LOSS,18.0
18.25,0,NET_LOSS,18.25,6,NET_LOSS,18.25,18.25,NET_LOSS,3924.486635038936,0.0,NET_LOSS,37.25,0,NET_LOSS,18.25
18.5,0,NET_LOSS,18.5,6,NET_LOSS,18.5,18.5,NET_LOSS,3918.148071069281,0.0,NET_LOSS,37.5,0,NET_LOSS,18.5
18.75,0,NET_LOSS,18.75,6,NET_LOSS,18.75,18.75,NET_LOSS,3954.171209966228,0.0,NET_LOSS,37.75,0,NET_LOSS,18.75
19.0,0,NET_LOSS,19.0,6,NET_LOSS,19.0,19.0,NET_LOSS,4066.131756340881,0.0,NET_LOSS,38.0,0,NET_LOSS,19.0
19.25,0,NET_LOSS,19.25,6,NET_LOSS,19.25,19.25,NET_LOSS,4299.091195699741,0.0,NET_LOSS,38.25,0,NET_LOSS,19.25
19.5,0,NET_LOSS,19.5,6,NET_LOSS,19.5,19.5,NET_LOSS,4386.549726009286,0.0,NET_LOSS,38.5,0,NET_LOSS,19.5
19.75,0,NET_LOSS,19.75,6,NET_LOSS,19.75,19.75,NET_LOSS,4447.864111191098,0.0,NET_LOSS,38.75,0,NET_LOSS,19.75
20.0,0,NET_LOSS,20.0,78,NET_LOSS,20.0,20.0,NET_LOSS,4427.697870043357,0.0,NET_LOSS,60.0,0,NET_LOSS,20.0
20.25,0,NET_LOSS,20.25,78,NET_LOSS,20.25,20.25,NET_LOSS,4424.000888044961,0.0,NET_LOSS,60.25,0,NET_LOSS,20.25
20.5,0,NET_LOSS,20.5,78,NET_LOSS,20.5,20.5,NET_LOSS,4438.415232533805,0.0,NET_LOSS,60.5,0,NET_LOSS,20.5
20.75,0,NET_LOSS,20.75,78,NET_LOSS,20.75,20.75,NET_LOSS,4468.396364772481,0.0,NET_LOSS,60.75,0,NET_LOSS,20.75
21.0,0,NET_LOSS,21.0,0,NET_LOSS,21.0,21.0,NET_LOSS,4475.716647240014,0.0,NET_LOSS,61.0,0,NET_LOSS,21.0
21.25,0,NET_LOSS,21.25,0,NET_LOSS,21.25,21.25,NET_LOSS,4440.820440748793,0.0,NET_LOSS,61.25,0,NET_LOSS,21.25
21.5,0,NET_LOSS,21.5,0,NET_LOSS,21.5,21.5,NET_LOSS,4449.850189687764,0.0,NET_LOSS,61.5,0,NET_LOSS,21.5
21.75,0,NET_LOSS,21.75,0,NET_LOSS,21.75,21.75,NET_LOSS,4437.231651978742,0.0,NET_LOSS,61.75,0,NET_LOSS,21.75
22.0,0,NET_LOSS,22.0,0,NET_LOSS,22.0,22.0,NET_LOSS,4241.759211510711,0.0,NET_LOSS,62.0,0,NET_LOSS,22.0
22.25,0,NET_LOSS,22.25,0,NET_LOSS,22.25,22.25,NET_LOSS,3883.438015114653,0.0,NET_LOSS,62.25,0,NET_LOSS,22.25
22.5,0,NET_LOSS,22.5,0,NET_LOSS,22.5,22.5,NET_LOSS,3807.87496216864,0.0,NET_LOSS,62.5,0,NET_LOSS,22.5
22.75,0,NET_LOSS,22.75,0,NET_LOSS,22.75,22.75,NET_LOSS,3771.0690057385295,0.0,NET_LOSS,62.75,0,NET_LOSS,22.75
23.0,0,NET_LOSS,23.0,6,NET_LOSS,23.0,23.0,NET_LOSS,3761.6927344470414,0.0,NET_LOSS,63.0,0,NET_LOSS,23.0
23.25,0,NET_LOSS,23.25,6,NET_LOSS,23.25,23.25,NET_LOSS,3671.697930509119,0.0,NET_LOSS,63.25,0,NET_LOSS,23.25
23.5,0,NET_LOSS,23.5,6,NET_LOSS,23.5,23.5,NET_LOSS,3632.292164432789,0.0,NET_LOSS,63.5,0,NET_LOSS,23.5
23.75,0,NET_LOSS,23.75,6,NET_LOSS,23.75,23.75,NET_LOSS,3599.5807565212563,0.0,NET_LOSS,63.75,0,NET_LOSS,23.75
24.0,0,NET_LOSS,24.0,0,NET_LOSS,24.0,24.0,NET_LOSS,3581.48929087579,0.0,NET_LOSS,64.0,0,NET_LOSS,24.0
24.25,0,NET_LOSS,24.25,0,NET_LOSS,24.25,24.25,NET_LOSS,3520.6140366066334,0.0,NET_LOSS,64.25,0,NET_LOSS,24.25
24.5,0,NET_LOSS,24.5,0,NET_LOSS,24.5,24.5,NET_LOSS,3510.8753416787167,0.0,NET_LOSS,64.5,0,NET_LOSS,24.5
24.75,0,NET_LOSS,24.75,0,NET_LOSS,24.75,24.75,NET_LOSS,3493.9281220383173,0.0,NET_LOSS,64.75,0,NET_LOSS,24.75
25.0,0,NET_LOSS,25.0,76,NET_LOSS,25.0,25.0,NET_LOSS,3453.294394186996,0.0,NET_LOSS,65.0,0,NET_LOSS,25.0
25.25,0,NET_LOSS,25.25,76,NET_LOSS,25.25,25.25,NET_LOSS,3458.9745028316147,0.0,NET_LOSS,65.25,0,NET_LOSS,25.25
25.5,0,NET_LOSS,25.5,76,NET_LOSS,25.5,25.5,NET_LOSS,3423.041627447617,0.0,NET_LOSS,65.5,0,NET_LOSS,25.5
25.75,0,NET_LOSS,25.75,76,NET_LOSS,25.75,25.75,NET_LOSS,3406.449136480199,0.0,NET_LOSS,65.75,0,NET_LOSS,25.75
26.0,0,NET_LOSS,26.0,33,NET_LOSS,26.0,26.0,NET_LOSS,3378.771917247375,0.0,NET_LOSS,66.0,0,NET_LOSS,26.0
26.25,0,NET_LOSS,26.25,33,NET_LOSS,26.25,26.25,NET_LOSS,3299.003513958108,0.0,NET_LOSS,66.25,0,NET_LOSS,26.25
26.5,0,NET_LOSS,26.5,33,NET_LOSS,26.5,26.5,NET_LOSS,3220.0040997289743,0.0,NET_LOSS,66.5,0,NET_LOSS,26.5
26.75,0,NET_LOSS,26.75,33,NET_LOSS,26.75,26.75,NET_LOSS,3232.813274462183,0.0,NET_LOSS,66.75,0,NET_LOSS,26.75
27.0,0,NET_LOSS,27.0,0,NET_LOSS,27.0,27.0,NET_LOSS,3241.794370010969,0.0,NET_LOSS,67.0,0,NET_LOSS,27.0
27.25,0,NET_LOSS,27.25,0,NET_LOSS,27.25,27.25,NET_LOSS,3281.929966645282,0.0,NET_LOSS,67.25,0,NET_LOSS,27.25
27.5,0,NET_LOSS,27.5,0,NET_LOSS,27.5,27.5,NET_LOSS,3290.796755384321,0.0,NET_LOSS,67.5,0,NET_LOSS,27.5
27.75,0,NET_LOSS,27.75,0,NET_LOSS,27.75,27.75,NET_LOSS,3242.2720101259447,0.0,NET_LOSS,67.75,0,NET_LOSS,27.75
28.0,0,NET_LOSS,28.0,6,NET_LOSS,28.0,28.0,NET_LOSS,3267.829970207268,20.0,NET_LOSS,75.0,0,NET_LOSS,28.0
28.25,0,NET_LOSS,28.25,6,NET_LOSS,28.25,28.25,NET_LOSS,3113.90082118807,20.0,NET_LOSS,75.25,0,NET_LOSS,28.25
28.5,0,NET_LOSS,28.5,6,NET_LOSS,28.5,28.5,NET_LOSS,3111.708534567268,20.0,NET_LOSS,75.5,0,NET_LOSS,28.5
28.75,0,NET_LOSS,28.75,6,NET_LOSS,28.75,28.75,NET_LOSS,3149.5417594818973,20.0,NET_LOSS,75.75,0,NET_LOSS,28.75
29.0,0,NET_LOSS,29.0,0,NET_LOSS,29.0,29.0,NET_LOSS,3199.988635216892,12.0,NET_LOSS,76.0,0,NET_LOSS,29.0
29.25,0,NET_LOSS,29.25,0,NET_LOSS,29.25,29.25,NET_LOSS,3321.818209357069,12.0,NET_LOSS,76.25,0,NET_LOSS,29.25
29.5,0,NET_LOSS,29.5,0,NET_LOSS,29.5,29.5,NET_LOSS,3355.088797050504,12.0,NET_LOSS,76.5,0,NET_LOSS,29.5
29.75,0,NET_LOSS,29.75,0,NET_LOSS,29.75,29.75,NET_LOSS,3375.1925095966126,12.0,NET_LOSS,76.75,0,NET_LOSS,29.75
30.0,51,NET_LOSS,30.0,1411,NET_LOSS,30.0,30.0,NET_LOSS,3371.811369405222,0.0,NET_LOSS,77.0,13,NET_LOSS,30.0
30.25,51,NET_LOSS,30.25,1411,NET_LOSS,30.25,30.25,NET_LOSS,2861.1486571010696,0.0,NET_LOSS,77.25,13,NET_LOSS,30.25
30.5,51,NET_LOSS,30.5,1411,NET_LOSS,30.5,30.5,NET_LOSS,2477.996727686565,0.0,NET_LOSS,77.5,13,NET_LOSS,30.5
30.75,51,NET_LOSS,30.75,1411,NET_LOSS,30.75,30.75,NET_LOSS,2697.36686979687,0.0,NET_LOSS,77.75,13,NET_LOSS,30.75
31.0,119,NET_LOSS,31.0,3608,NET_LOSS,31.0,31.0,NET_LOSS,2864.338603660229,0.0,NET_LOSS,78.0,6,NET_LOSS,31.0
31.25,119,NET_LOSS,31.25,3608,NET_LOSS,31.25,31.25,NET_LOSS,2526.845464166588,0.0,NET_LOSS,78.25,6,NET_LOSS,31.25
31.5,119,NET_LOSS,31.5,3608,NET_LOSS,31.5,31.5,NET_LOSS,2314.6562806613683,0.0,NET_LOSS,78.5,6,NET_LOSS,31.5
31.75,119,NET_LOSS,31.75,3608,NET_LOSS,31.75,31.75,NET_LOSS,2257.4410685740427,0.0,NET_LOSS,78.75,6,NET_LOSS,31.75
32.0,205,NET_LOSS,32.0,7704,NET_LOSS,32.0,32.0,NET_LOSS,2364.435124458875,0.0,NET_LOSS,79.0,6,NET_LOSS,32.0
32.25,205,NET_LOSS,32.25,7704,NET_LOSS,32.25,32.25,NET_LOSS,2327.68337973138,0.0,NET_LOSS,79.25,6,NET_LOSS,32.25
32.5,205,NET_LOSS,32.5,7704,NET_LOSS,32.5,32.5,NET_LOSS,2339.910807942058,0.0,NET_LOSS,79.5,6,NET_LOSS,32.5
32.75,205,NET_LOSS,32.75,7704,NET_LOSS,32.75,32.75,NET_LOSS,2319.5246898656906,0.0,NET_LOSS,79.75,6,NET_LOSS,32.75
33.0,250,NET_LOSS,33.0,9495,NET_LOSS,33.0,33.0,NET_LOSS,2298.791589937841,0.0,NET_LOSS,80.0,3,NET_LOSS,33.0
33.25,250,NET_LOSS,33.25,9495,NET_LOSS,33.25,33.25,NET_LOSS,2321.514494338995,0.0,NET_LOSS,80.25,3,NET_LOSS,33.25
33.5,250,NET_LOSS,33.5,9495,NET_LOSS,33.5,33.5,NET_LOSS,2337.242763458764,0.0,NET_LOSS,80.5,3,NET_LOSS,33.5
33.75,250,NET_LOSS,33.75,9495,NET_LOSS,33.75,33.75,NET_LOSS,2365.155442612944,0.0,NET_LOSS,80.75,3,NET_LOSS,33.75
34.0,164,NET_LOSS,34.0,5085,NET_LOSS,34.0,34.0,NET_LOSS,2363.5846198801205,0.0,NET_LOSS,81.0,16,NET_LOSS,34.0
34.25,164,NET_LOSS,34.25,5085,NET_LOSS,34.25,34.25,NET_LOSS,2388.672698995449,0.0,NET_LOSS,81.25,16,NET_LOSS,34.25
34.5,164,NET_LOSS,34.5,5085,NET_LOSS,34.5,34.5,NET_LOSS,2428.593027777779,0.0,NET_LOSS,81.5,16,NET_LOSS,34.5
34.75,164,NET_LOSS,34.75,5085,NET_LOSS,34.75,34.75,NET_LOSS,2412.873263736265,0.0,NET_LOSS,81.75,16,NET_LOSS,34.75
35.0,122,NET_LOSS,35.0,4152,NET_LOSS,35.0,35.0,NET_LOSS,2432.8584956269788,0.0,NET_LOSS,86.0,13,NET_LOSS,35.0
35.25,122,NET_LOSS,35.25,4152,NET_LOSS,35.25,35.25,NET_LOSS,2449.62302676251,0.0,NET_LOSS,86.25,13,NET_LOSS,35.25
35.5,122,NET_LOSS,35.5,4152,NET_LOSS,35.5,35.5,NET_LOSS,2412.1293388278395,0.0,NET_LOSS,86.5,13,NET_LOSS,35.5
35.75,122,NET_LOSS,35.75,4152,NET_LOSS,35.75,35.75,NET_LOSS,2415.480804195805,0.0,NET_LOSS,86.75,13,NET_LOSS,35.75
36.0,118,NET_LOSS,36.0,3516,NET_LOSS,36.0,36.0,NET_LOSS,2308.218705843441,0.0,NET_LOSS,87.0,13,NET_LOSS,36.0
36.25,118,NET_LOSS,36.25,3516,NET_LOSS,36.25,36.25,NET_LOSS,2219.711565951884,0.0,NET_LOSS,87.25,13,NET_LOSS,36.25
36.5,118,NET_LOSS,36.5,3516,NET_LOSS,36.5,36.5,NET_LOSS,2170.0960692065937,0.0,NET_LOSS,87.5,13,NET_LOSS,36.5
36.75,118,NET_LOSS,36.75,3516,NET_LOSS,36.75,36.75,NET_LOSS,2163.621658388563,0.0,NET_LOSS,87.75,13,NET_LOSS,36.75
37.0,171,NET_LOSS,37.0,6272,NET_LOSS,37.0,37.0,NET_LOSS,2129.00965164579,0.0,NET_LOSS,88.0,0,NET_LOSS,37.0
37.25,171,NET_LOSS,37.25,6272,NET_LOSS,37.25,37.25,NET_LOSS,2119.0633330673845,0.0,NET_LOSS,88.25,0,NET_LOSS,37.25
37.5,171,NET_LOSS,37.5,6272,NET_LOSS,37.5,37.5,NET_LOSS,2131.43327140374,0.0,NET_LOSS,88.5,0,NET_LOSS,37.5
37.75,171,NET_LOSS,37.75,6272,NET_LOSS,37.75,37.75,NET_LOSS,2137.8298002637684,0.0,NET_LOSS,88.75,0,NET_LOSS,37.75
38.0,190,NET_LOSS,38.0,5978,NET_LOSS,38.0,38.0,NET_LOSS,2170.294995032547,0.0,NET_LOSS,89.0,5,NET_LOSS,38.0
38.25,190,NET_LOSS,38.25,5978,NET_LOSS,38.25,38.25,NET_LOSS,2162.553462037109,0.0,NET_LOSS,89.25,5,NET_LOSS,38.25
38.5,190,NET_LOSS,38.5,5978,NET_LOSS,38.5,38.5,NET_LOSS,2176.8016070533117,0.0,NET_LOSS,89.5,5,NET_LOSS,38.5
38.75,190,NET_LOSS,38.75,5978,NET_LOSS,38.75,38.75,NET_LOSS,2159.536870242412,0.0,NET_LOSS,89.75,5,NET_LOSS,38.75
39.0,167,NET_LOSS,39.0,4783,NET_LOSS,39.0,39.0,NET_LOSS,2156.3710466038483,12.0,NET_LOSS,90.0,22,NET_LOSS,39.0
39.25,167,NET_LOSS,39.25,4783,NET_LOSS,39.25,39.25,NET_LOSS,2171.474310904363,12.0,NET_LOSS,90.25,22,NET_LOSS,39.25
39.5,167,NET_LOSS,39.5,4783,NET_LOSS,39.5,39.5,NET_LOSS,2166.6941179956284,12.0,NET_LOSS,90.5,22,NET_LOSS,39.5
39.75,167,NET_LOSS,39.75,4783,NET_LOSS,39.75,39.75,NET_LOSS,2168.324647117669,12.0,NET_LOSS,90.75,22,NET_LOSS,39.75
40.0,96,NET_LOSS,40.0,3169,NET_LOSS,40.0,40.0,NET_LOSS,2183.6101657472827,4.0,NET_LOSS,91.0,13,NET_LOSS,40.0
40.25,96,NET_LOSS,40.25,3169,NET_LOSS,40.25,40.25,NET_LOSS,2195.722653007256,4.0,NET_LOSS,91.25,13,NET_LOSS,40.25
40.5,96,NET_LOSS,40.5,3169,NET_LOSS,40.5,40.5,NET_LOSS,2192.837158751512,4.0,NET_LOSS,91.5,13,NET_LOSS,40.5
40.75,96,NET_LOSS,40.75,3169,NET_LOSS,40.75,40.75,NET_LOSS,2179.4257405310123,4.0,NET_LOSS,91.75,13,NET_LOSS,40.75
41.0,143,NET_LOSS,41.0,4653,NET_LOSS,41.0,41.0,NET_LOSS,2156.991779440803,0.0,NET_LOSS,92.0,8,NET_LOSS,41.0
41.25,143,NET_LOSS,41.25,4653,NET_LOSS,41.25,41.25,NET_LOSS,2166.2324355990363,0.0,NET_LOSS,92.25,8,NET_LOSS,41.25
41.5,143,NET_LOSS,41.5,4653,NET_LOSS,41.5,41.5,NET_LOSS,2171.8006283954774,0.0,NET_LOSS,92.5,8,NET_LOSS,41.5
41.75,143,NET_LOSS,41.75,4653,NET_LOSS,41.75,41.75,NET_LOSS,2178.919345596971,0.0,NET_LOSS,92.75,8,NET_LOSS,41.75
42.0,125,NET_LOSS,42.0,4331,NET_LOSS,42.0,42.0,NET_LOSS,2164.9420632457254,0.0,NET_LOSS,93.0,2,NET_LOSS,42.0
42.25,125,NET_LOSS,42.25,4331,NET_LOSS,42.25,42.25,NET_LOSS,2133.153542748839,0.0,NET_LOSS,93.25,2,NET_LOSS,42.25
42.5,125,NET_LOSS,42.5,4331,NET_LOSS,42.5,42.5,NET_LOSS,2126.0110076428086,0.0,NET_LOSS,93.5,2,NET_LOSS,42.5
42.75,125,NET_LOSS,42.75,4331,NET_LOSS,42.75,42.75,NET_LOSS,2103.072622114856,0.0,NET_LOSS,93.75,2,NET_LOSS,42.75
43.0,139,NET_LOSS,43.0,4485,NET_LOSS,43.0,43.0,NET_LOSS,2162.0805193779875,0.0,NET_LOSS,94.0,8,NET_LOSS,43.0
43.25,139,NET_LOSS,43.25,4485,NET_LOSS,43.25,43.25,NET_LOSS,2186.0237610096256,0.0,NET_LOSS,94.25,8,NET_LOSS,43.25
43.5,139,NET_LOSS,43.5,4485,NET_LOSS,43.5,43.5,NET_LOSS,2194.4222500491032,0.0,NET_LOSS,94.5,8,NET_LOSS,43.5
43.75,139,NET_LOSS,43.75,4485,NET_LOSS,43.75,43.75,NET_LOSS,2195.821539495096,0.0,NET_LOSS,94.75,8,NET_LOSS,43.75
44.0,115,NET_LOSS,44.0,3301,NET_LOSS,44.0,44.0,NET_LOSS,2126.0275652681225,0.0,NET_LOSS,95.0,8,NET_LOSS,44.0
44.25,115,NET_LOSS,44.25,3301,NET_LOSS,44.25,44.25,NET_LOSS,2003.7717793077531,0.0,NET_LOSS,95.25,8,NET_LOSS,44.25
44.5,115,NET_LOSS,44.5,3301,NET_LOSS,44.5,44.5,NET_LOSS,1928.440421883672,0.0,NET_LOSS,95.5,8,NET_LOSS,44.5
44.75,115,NET_LOSS,44.75,3301,NET_LOSS,44.75,44.75,NET_LOSS,1870.1635311632813,0.0,NET_LOSS,95.75,8,NET_LOSS,44.75
45.0,94,NET_LOSS,45.0,3150,NET_LOSS,45.0,45.0,NET_LOSS,1871.339788017538,0.0,NET_LOSS,96.0,4,NET_LOSS,45.0
45.25,94,NET_LOSS,45.25,3150,NET_LOSS,45.25,45.25,NET_LOSS,1912.4917314629813,0.0,NET_LOSS,96.25,4,NET_LOSS,45.25
45.5,94,NET_LOSS,45.5,3150,NET_LOSS,45.5,45.5,NET_LOSS,1923.499438894439,0.0,NET_LOSS,96.5,4,NET_LOSS,45.5
45.75,94,NET_LOSS,45.75,3150,NET_LOSS,45.75,45.75,NET_LOSS,1924.6482198079696,0.0,NET_LOSS,96.75,4,NET_LOSS,45.75
46.0,72,NET_LOSS,46.0,2761,NET_LOSS,46.0,46.0,NET_LOSS,1933.2132820374068,0.0,NET_LOSS,105.0,3,NET_LOSS,46.0
46.25,72,NET_LOSS,46.25,2761,NET_LOSS,46.25,46.25,NET_LOSS,1870.3877948579195,0.0,NET_LOSS,105.25,3,NET_LOSS,46.25
46.5,72,NET_LOSS,46.5,2761,NET_LOSS,46.5,46.5,NET_LOSS,1855.2085168303915,0.0,NET_LOSS,105.5,3,NET_LOSS,46.5
46.75,72,NET_LOSS,46.75,2761,NET_LOSS,46.75,46.75,NET_LOSS,1791.4081716515807,0.0,NET_LOSS,105.75,3,NET_LOSS,46.75
47.0,104,NET_LOSS,47.0,3282,NET_LOSS,47.0,47.0,NET_LOSS,1771.586602831511,0.0,NET_LOSS,106.0,7,NET_LOSS,47.0
47.25,104,NET_LOSS,47.25,3282,NET_LOSS,47.25,47.25,NET_LOSS,1729.05491113432,0.0,NET_LOSS,106.25,7,NET_LOSS,47.25
47.5,104,NET_LOSS,47.5,3282,NET_LOSS,47.5,47.5,NET_LOSS,1710.542256982916,0.0,NET_LOSS,106.5,7,NET_LOSS,47.5
47.75,104,NET_LOSS,47.75,3282,NET_LOSS,47.75,47.75,NET_LOSS,1738.1783341002429,0.0,NET_LOSS,106.75,7,NET_LOSS,47.75
48.0,132,NET_LOSS,48.0,3672,NET_LOSS,48.0,48.0,NET_LOSS,1749.4840738604828,0.0,NET_LOSS,107.0,5,NET_LOSS,48.0
48.25,132,NET_LOSS,48.25,3672,NET_LOSS,48.25,48.25,NET_LOSS,1786.8060947423785,0.0,NET_LOSS,107.25,5,NET_LOSS,48.25
48.5,132,NET_LOSS,48.5,3672,NET_LOSS,48.5,48.5,NET_LOSS,1834.790789547574,0.0,NET_LOSS,107.5,5,NET_LOSS,48.5
48.75,132,NET_LOSS,48.75,3672,NET_LOSS,48.75,48.75,NET_LOSS,1862.9090044677544,0.0,NET_LOSS,107.75,5,NET_LOSS,48.75
49.0,122,NET_LOSS,49.0,3383,NET_LOSS,49.0,49.0,NET_LOSS,1918.0942293539788,0.0,NET_LOSS,108.0,12,NET_LOSS,49.0
49.25,122,NET_LOSS,49.25,3383,NET_LOSS,49.25,49.25,NET_LOSS,1944.2520354090348,0.0,NET_LOSS,108.25,12,NET_LOSS,49.25
49.5,122,NET_LOSS,49.5,3383,NET_LOSS,49.5,49.5,NET_LOSS,1992.4307131014407,0.0,NET_LOSS,108.5,12,NET_LOSS,49.5
49.75,122,NET_LOSS,49.75,3383,NET_LOSS,49.75,49.75,NET_LOSS,1985.689201270952,0.0,NET_LOSS,108.75,12,NET_LOSS,49.75
50.0,66,NET_LOSS,50.0,2424,NET_LOSS,50.0,50.0,NET_LOSS,1984.4348307803305,0.0,NET_LOSS,109.0,5,NET_LOSS,50.0
50.25,66,NET_LOSS,50.25,2424,NET_LOSS,50.25,50.25,NET_LOSS,2025.3387168109664,0.0,NET_LOSS,109.25,5,NET_LOSS,50.25
50.5,66,NET_LOSS,50.5,2424,NET_LOSS,50.5,50.5,NET_LOSS,2024.499944083694,0.0,NET_LOSS,109.5,5,NET_LOSS,50.5
50.75,66,NET_LOSS,50.75,2424,NET_LOSS,50.75,50.75,NET_LOSS,2034.121229541964,0.0,NET_LOSS,109.75,5,NET_LOSS,50.75
51.0,62,NET_LOSS,51.0,2828,NET_LOSS,51.0,51.0,NET_LOSS,2005.05521655632,,,,4,NET_LOSS,51.0
51.25,62,NET_LOSS,51.25,2828,NET_LOSS,51.25,51.25,NET_LOSS,1975.2141034194565,,,,4,NET_LOSS,51.25
51.5,62,NET_LOSS,51.5,2828,NET_LOSS,51.5,51.5,NET_LOSS,1960.2268936618937,,,,4,NET_LOSS,51.5
51.75,62,NET_LOSS,51.75,2828,NET_LOSS,51.75,51.75,NET_LOSS,1940.942298812298,,,,4,NET_LOSS,51.75
52.0,111,NET_LOSS,52.0,4429,NET_LOSS,52.0,52.0,NET_LOSS,1979.174439158064,,,,7,NET_LOSS,52.0
52.25,111,NET_LOSS,52.25,4429,NET_LOSS,52.25,52.25,NET_LOSS,2012.5693053147836,,,,7,NET_LOSS,52.25
52.5,111,NET_LOSS,52.5,4429,NET_LOSS,52.5,52.5,NET_LOSS,2021.97944949495,,,,7,NET_LOSS,52.5
52.75,111,NET_LOSS,52.75,4429,NET_LOSS,52.75,52.75,NET_LOSS,2007.20057658518,,,,7,NET_LOSS,52.75
53.0,110,NET_LOSS,53.0,3628,NET_LOSS,53.0,53.0,NET_LOSS,1981.8098599129637,,,,4,NET_LOSS,53.0
53.25,110,NET_LOSS,53.25,3628,NET_LOSS,53.25,53.25,NET_LOSS,1994.8426334033616,,,,4,NET_LOSS,53.25
53.5,110,NET_LOSS,53.5,3628,NET_LOSS,53.5,53.5,NET_LOSS,1975.9981958596957,,,,4,NET_LOSS,53.5
53.75,110,NET_LOSS,53.75,3628,NET_LOSS,53.75,53.75,NET_LOSS,1970.1617607947608,,,,4,NET_LOSS,53.75
54.0,73,NET_LOSS,54.0,2275,NET_LOSS,54.0,54.0,NET_LOSS,1976.4341437590183,,,,5,NET_LOSS,54.0
54.25,73,NET_LOSS,54.25,2275,NET_LOSS,54.25,54.25,NET_LOSS,1889.7531679570425,,,,5,NET_LOSS,54.25
54.5,73,NET_LOSS,54.5,2275,NET_LOSS,54.5,54.5,NET_LOSS,1874.8129707930948,,,,5,NET_LOSS,54.5
54.75,73,NET_LOSS,54.75,2275,NET_LOSS,54.75,54.75,NET_LOSS,1765.9210120889215,,,,5,NET_LOSS,54.75
55.0,54,NET_LOSS,55.0,1993,NET_LOSS,55.0,55.0,NET_LOSS,1718.588418432577,,,,2,NET_LOSS,55.0
55.25,54,NET_LOSS,55.25,1993,NET_LOSS,55.25,55.25,NET_LOSS,1686.4880247429332,,,,2,NET_LOSS,55.25
55.5,54,NET_LOSS,55.5,1993,NET_LOSS,55.5,55.5,NET_LOSS,1600.6530221483054,,,,2,NET_LOSS,55.5
55.75,54,NET_LOSS,55.75,1993,NET_LOSS,55.75,55.75,NET_LOSS,1588.1279853933945,,,,2,NET_LOSS,55.75
56.0,42,NET_LOSS,56.0,1486,NET_LOSS,56.0,56.0,NET_LOSS,1531.0851996097333,,,,0,NET_LOSS,56.0
56.25,42,NET_LOSS,56.25,1486,NET_LOSS,56.25,56.25,NET_LOSS,1517.2002468819055,,,,0,NET_LOSS,56.25
56.5,42,NET_LOSS,56.5,1486,NET_LOSS,56.5,56.5,NET_LOSS,1485.7660008558723,,,,0,NET_LOSS,56.5
56.75,42,NET_LOSS,56.75,1486,NET_LOSS,56.75,56.75,NET_LOSS,1511.56161586015,,,,0,NET_LOSS,56.75
57.0,59,NET_LOSS,57.0,2308,NET_LOSS,57.0,57.0,NET_LOSS,1545.817553131212,,,,6,NET_LOSS,57.0
57.25,59,NET_LOSS,57.25,2308,NET_LOSS,57.25,57.25,NET_LOSS,1557.2307739243076,,,,6,NET_LOSS,57.25
57.5,59,NET_LOSS,57.5,2308,NET_LOSS,57.5,57.5,NET_LOSS,1583.946159746819,,,,6,NET_LOSS,57.5
57.75,59,NET_LOSS,57.75,2308,NET_LOSS,57.75,57.75,NET_LOSS,1591.9764136040726,,,,6,NET_LOSS,57.75
58.0,73,NET_LOSS,58.0,2210,NET_LOSS,58.0,58.0,NET_LOSS,1617.474636964046,,,,7,NET_LOSS,58.0
58.25,73,NET_LOSS,58.25,2210,NET_LOSS,58.25,58.25,NET_LOSS,1694.7521997207336,,,,7,NET_LOSS,58.25
58.5,73,NET_LOSS,58.5,2210,NET_LOSS,58.5,58.5,NET_LOSS,1666.8887411653998,,,,7,NET_LOSS,58.5
58.75,73,NET_LOSS,58.75,2210,NET_LOSS,58.75,58.75,NET_LOSS,1684.9171874413469,,,,7,NET_LOSS,58.75
59.0,68,NET_LOSS,59.0,1976,NET_LOSS,59.0,59.0,NET_LOSS,1636.1188760305354,,,,6,NET_LOSS,59.0
59.25,68,NET_LOSS,59.25,1976,NET_LOSS,59.25,59.25,NET_LOSS,1611.2087366976457,,,,6,NET_LOSS,59.25
59.5,68,NET_LOSS,59.5,1976,NET_LOSS,59.5,59.5,NET_LOSS,1620.7962578431675,,,,6,NET_LOSS,59.5
59.75,68,NET_LOSS,59.75,1976,NET_LOSS,59.75,59.75,NET_LOSS,1620.1529835618924,,,,6,NET_LOSS,59.75
60.0,64,NET_LOSS,60.0,1857,NET_LOSS,60.0,60.0,NET_LOSS,1600.0183805260394,,,,3,NET_LOSS,60.0
60.25,64,NET_LOSS,60.25,1857,NET_LOSS,60.25,60.25,NET_LOSS,1624.8097993849583,,,,3,NET_LOSS,60.25
60.5,64,NET_LOSS,60.5,1857,NET_LOSS,60.5,60.5,NET_LOSS,1639.0191320522908,,,,3,NET_LOSS,60.5
60.75,64,NET_LOSS,60.75,1857,NET_LOSS,60.75,60.75,NET_LOSS,1655.295169986579,,,,3,NET_LOSS,60.75
61.0,87,NET_LOSS,61.0,2627,NET_LOSS,61.0,61.0,NET_LOSS,1710.067849348883,,,,1,NET_LOSS,61.0
61.25,87,NET_LOSS,61.25,2627,NET_LOSS,61.25,61.25,NET_LOSS,1755.3109915539003,,,,1,NET_LOSS,61.25
61.5,87,NET_LOSS,61.5,2627,NET_LOSS,61.5,61.5,NET_LOSS,1732.4914774291362,,,,1,NET_LOSS,61.5
61.75,87,NET_LOSS,61.75,2627,NET_LOSS,61.75,61.75,NET_LOSS,1753.9826123775215,,,,1,NET_LOSS,61.75
62.0,59,NET_LOSS,62.0,1672,NET_LOSS,62.0,62.0,NET_LOSS,1713.793495577654,,,,6,NET_LOSS,62.0
62.25,59,NET_LOSS,62.25,1672,NET_LOSS,62.25,62.25,NET_LOSS,1685.894697708857,,,,6,NET_LOSS,62.25
62.5,59,NET_LOSS,62.5,1672,NET_LOSS,62.5,62.5,NET_LOSS,1633.397059902219,,,,6,NET_LOSS,62.5
62.75,59,NET_LOSS,62.75,1672,NET_LOSS,62.75,62.75,NET_LOSS,1568.6355198728038,,,,6,NET_LOSS,62.75
63.0,34,NET_LOSS,63.0,1074,NET_LOSS,63.0,63.0,NET_LOSS,1545.2118217931056,,,,5,NET_LOSS,63.0
63.25,34,NET_LOSS,63.25,1074,NET_LOSS,63.25,63.25,NET_LOSS,1506.990179657463,,,,5,NET_LOSS,63.25
63.5,34,NET_LOSS,63.5,1074,NET_LOSS,63.5,63.5,NET_LOSS,1482.5573860311547,,,,5,NET_LOSS,63.5
63.75,34,NET_LOSS,63.75,1074,NET_LOSS,63.75,63.75,NET_LOSS,1496.122134036417,,,,5,NET_LOSS,63.75
64.0,44,NET_LOSS,64.0,1605,NET_LOSS,64.0,64.0,NET_LOSS,1506.5626776733363,,,,3,NET_LOSS,64.0
64.25,44,NET_LOSS,64.25,1605,NET_LOSS,64.25,64.25,NET_LOSS,1523.630897814307,,,,3,NET_LOSS,64.25
64.5,44,NET_LOSS,64.5,1605,NET_LOSS,64.5,64.5,NET_LOSS,1544.5199502063597,,,,3,NET_LOSS,64.5
64.75,44,NET_LOSS,64.75,1605,NET_LOSS,64.75,64.75,NET_LOSS,1583.9628327959924,,,,3,NET_LOSS,64.75
65.0,57,NET_LOSS,65.0,1458,NET_LOSS,65.0,65.0,NET_LOSS,1567.8172231278825,,,,3,NET_LOSS,65.0
65.25,57,NET_LOSS,65.25,1458,NET_LOSS,65.25,65.25,NET_LOSS,1577.5876579430674,,,,3,NET_LOSS,65.25
65.5,57,NET_LOSS,65.5,1458,NET_LOSS,65.5,65.5,NET_LOSS,1574.552473710633,,,,3,NET_LOSS,65.5
65.75,57,NET_LOSS,65.75,1458,NET_LOSS,65.75,65.75,NET_LOSS,1525.302489361649,,,,3,NET_LOSS,65.75
66.0,39,NET_LOSS,66.0,1041,NET_LOSS,66.0,66.0,NET_LOSS,1517.7603294659891,,,,4,NET_LOSS,66.0
66.25,39,NET_LOSS,66.25,1041,NET_LOSS,66.25,66.25,NET_LOSS,1525.365512976922,,,,4,NET_LOSS,66.25
66.5,39,NET_LOSS,66.5,1041,NET_LOSS,66.5,66.5,NET_LOSS,1540.4820770517365,,,,4,NET_LOSS,66.5
66.75,39,NET_LOSS,66.75,1041,NET_LOSS,66.75,66.75,NET_LOSS,1527.7665171671767,,,,4,NET_LOSS,66.75
67.0,34,NET_LOSS,67.0,1372,NET_LOSS,67.0,67.0,NET_LOSS,1527.8048065999656,,,,8,NET_LOSS,67.0
67.25,34,NET_LOSS,67.25,1372,NET_LOSS,67.25,67.25,NET_LOSS,1530.9360547407136,,,,8,NET_LOSS,67.25
67.5,34,NET_LOSS,67.5,1372,NET_LOSS,67.5,67.5,NET_LOSS,1568.0369831456428,,,,8,NET_LOSS,67.5
67.75,34,NET_LOSS,67.75,1372,NET_LOSS,67.75,67.75,NET_LOSS,1597.3649485968576,,,,8,NET_LOSS,67.75
68.0,38,NET_LOSS,68.0,1586,NET_LOSS,68.0,68.0,NET_LOSS,1595.358206894116,,,,0,NET_LOSS,68.0
68.25,38,NET_LOSS,68.25,1586,NET_LOSS,68.25,68.25,NET_LOSS,1602.4509527038626,,,,0,NET_LOSS,68.25
68.5,38,NET_LOSS,68.5,1586,NET_LOSS,68.5,68.5,NET_LOSS,1605.4507145253738,,,,0,NET_LOSS,68.5
68.75,38,NET_LOSS,68.75,1586,NET_LOSS,68.75,68.75,NET_LOSS,1579.11346108437,,,,0,NET_LOSS,68.75
69.0,58,NET_LOSS,69.0,1470,NET_LOSS,69.0,69.0,NET_LOSS,1576.0874096358184,,,,5,NET_LOSS,69.0
69.25,58,NET_LOSS,69.25,1470,NET_LOSS,69.25,69.25,NET_LOSS,1573.5998223342312,,,,5,NET_LOSS,69.25
69.5,58,NET_LOSS,69.5,1470,NET_LOSS,69.5,69.5,NET_LOSS,1586.9693111509698,,,,5,NET_LOSS,69.5
69.75,58,NET_LOSS,69.75,1470,NET_LOSS,69.75,69.75,NET_LOSS,1598.92890612544,,,,5,NET_LOSS,69.75
70.0,38,NET_LOSS,70.0,1311,NET_LOSS,70.0,70.0,NET_LOSS,1598.1364717820056,,,,2,NET_LOSS,70.0
70.25,38,NET_LOSS,70.25,1311,NET_LOSS,70.25,70.25,NET_LOSS,1625.1247444676544,,,,2,NET_LOSS,70.25
70.5,38,NET_LOSS,70.5,1311,NET_LOSS,70.5,70.5,NET_LOSS,1633.0248422310017,,,,2,NET_LOSS,70.5
70.75,38,NET_LOSS,70.75,1311,NET_LOSS,70.75,70.75,NET_LOSS,1641.8827219068812,,,,2,NET_LOSS,70.75
71.0,31,NET_LOSS,71.0,1706,NET_LOSS,71.0,71.0,NET_LOSS,1642.0613243044834,,,,0,NET_LOSS,71.0
71.25,31,NET_LOSS,71.25,1706,NET_LOSS,71.25,71.25,NET_LOSS,1633.90491057932,,,,0,NET_LOSS,71.25
71.5,31,NET_LOSS,71.5,1706,NET_LOSS,71.5,71.5,NET_LOSS,1633.0873351824944,,,,0,NET_LOSS,71.5
71.75,31,NET_LOSS,71.75,1706,NET_LOSS,71.75,71.75,NET_LOSS,1606.080741026651,,,,0,NET_LOSS,71.75
72.0,24,NET_LOSS,72.0,852,NET_LOSS,72.0,72.0,NET_LOSS,1584.040642319802,,,,0,NET_LOSS,72.0
72.25,24,NET_LOSS,72.25,852,NET_LOSS,72.25,72.25,NET_LOSS,1516.0672168147505,,,,0,NET_LOSS,72.25
72.5,24,NET_LOSS,72.5,852,NET_LOSS,72.5,72.5,NET_LOSS,1479.6928867526556,,,,0,NET_LOSS,72.5
72.75,24,NET_LOSS,72.75,852,NET_LOSS,72.75,72.75,NET_LOSS,1453.6026748118188,,,,0,NET_LOSS,72.75
73.0,31,NET_LOSS,73.0,1532,NET_LOSS,73.0,73.0,NET_LOSS,1428.5024651521974,,,,1,NET_LOSS,73.0
73.25,31,NET_LOSS,73.25,1532,NET_LOSS,73.25,73.25,NET_LOSS,1439.4920380825351,,,,1,NET_LOSS,73.25
73.5,31,NET_LOSS,73.5,1532,NET_LOSS,73.5,73.5,NET_LOSS,1448.2323573466044,,,,1,NET_LOSS,73.5
73.75,31,NET_LOSS,73.75,1532,NET_LOSS,73.75,73.75,NET_LOSS,1479.0847234853672,,,,1,NET_LOSS,73.75
74.0,43,NET_LOSS,74.0,1076,NET_LOSS,74.0,74.0,NET_LOSS,1488.879791667186,,,,3,NET_LOSS,74.0
74.25,43,NET_LOSS,74.25,1076,NET_LOSS,74.25,74.25,NET_LOSS,1475.1633235136076,,,,3,NET_LOSS,74.25
74.5,43,NET_LOSS,74.5,1076,NET_LOSS,74.5,74.5,NET_LOSS,1469.073809083593,,,,3,NET_LOSS,74.5
74.75,43,NET_LOSS,74.75,1076,NET_LOSS,74.75,74.75,NET_LOSS,1452.999506808254,,,,3,NET_LOSS,74.75
75.0,36,NET_LOSS,75.0,802,NET_LOSS,75.0,75.0,NET_LOSS,1435.3616543551516,,,,4,NET_LOSS,75.0
75.25,36,NET_LOSS,75.25,802,NET_LOSS,75.25,75.25,NET_LOSS,1452.7309913041504,,,,4,NET_LOSS,75.25
75.5,36,NET_LOSS,75.5,802,NET_LOSS,75.5,75.5,NET_LOSS,1451.6420627327216,,,,4,NET_LOSS,75.5
75.75,36,NET_LOSS,75.75,802,NET_LOSS,75.75,75.75,NET_LOSS,1449.807790885288,,,,4,NET_LOSS,75.75
76.0,29,NET_LOSS,76.0,1077,NET_LOSS,76.0,76.0,NET_LOSS,1467.9894540415762,,,,6,NET_LOSS,76.0
76.25,29,NET_LOSS,76.25,1077,NET_LOSS,76.25,76.25,NET_LOSS,1486.0735044854134,,,,6,NET_LOSS,76.25
76.5,29,NET_LOSS,76.5,1077,NET_LOSS,76.5,76.5,NET_LOSS,1480.3955491629583,,,,6,NET_LOSS,76.5
76.75,29,NET_LOSS,76.75,1077,NET_LOSS,76.75,76.75,NET_LOSS,1472.9979649277493,,,,6,NET_LOSS,76.75
77.0,32,NET_LOSS,77.0,1167,NET_LOSS,77.0,77.0,NET_LOSS,1474.435797983582,,,,0,NET_LOSS,77.0
77.25,32,NET_LOSS,77.25,1167,NET_LOSS,77.25,77.25,NET_LOSS,1471.7206038362265,,,,0,NET_LOSS,77.25
77.5,32,NET_LOSS,77.5,1167,NET_LOSS,77.5,77.5,NET_LOSS,1492.287901796435,,,,0,NET_LOSS,77.5
77.75,32,NET_LOSS,77.75,1167,NET_LOSS,77.75,77.75,NET_LOSS,1510.416841062235,,,,0,NET_LOSS,77.75
78.0,32,NET_LOSS,78.0,1144,NET_LOSS,78.0,78.0,NET_LOSS,1519.670169875579,,,,0,NET_LOSS,78.0
78.25,32,NET_LOSS,78.25,1144,NET_LOSS,78.25,78.25,NET_LOSS,1524.8007943899534,,,,0,NET_LOSS,78.25
78.5,32,NET_LOSS,78.5,1144,NET_LOSS,78.5,78.5,NET_LOSS,1515.3718741157832,,,,0,NET_LOSS,78.5
78.75,32,NET_LOSS,78.75,1144,NET_LOSS,78.75,78.75,NET_LOSS,1487.77814594118,,,,0,NET_LOSS,78.75
79.0,36,NET_LOSS,79.0,1329,NET_LOSS,79.0,79.0,NET_LOSS,1487.820842272626,,,,0,NET_LOSS,79.0
79.25,36,NET_LOSS,79.25,1329,NET_LOSS,79.25,79.25,NET_LOSS,1489.1166416317635,,,,2,NET_LOSS,79.25
79.5,36,NET_LOSS,79.5,1329,NET_LOSS,79.5,79.5,NET_LOSS,1502.537285690319,,,,2,NET_LOSS,79.5
79.75,36,NET_LOSS,79.75,1329,NET_LOSS,79.75,79.75,NET_LOSS,1543.8388396192336,,,,2,NET_LOSS,79.75
80.0,6,NET_LOSS,80.0,424,NET_LOSS,80.0,80.0,NET_LOSS,1594.4164669673764,,,,2,NET_LOSS,80.0
80.25,6,NET_LOSS,80.25,424,NET_LOSS,80.25,80.25,NET_LOSS,1813.1849645531229,,,,4,NET_LOSS,80.25
80.5,6,NET_LOSS,80.5,424,NET_LOSS,80.5,80.5,NET_LOSS,1931.5211439015527,,,,4,NET_LOSS,80.5
80.75,6,NET_LOSS,80.75,424,NET_LOSS,80.75,80.75,NET_LOSS,1891.551074814074,,,,4,NET_LOSS,80.75
81.0,0,NET_LOSS,81.0,0,NET_LOSS,81.0,81.0,NET_LOSS,1871.0048283282365,,,,4,NET_LOSS,81.0
81.25,0,NET_LOSS,81.25,0,NET_LOSS,81.25,81.25,NET_LOSS,2009.1274715284712,,,,0,NET_LOSS,81.25
81.5,0,NET_LOSS,81.5,0,NET_LOSS,81.5,81.5,NET_LOSS,2102.5126083293585,,,,0,NET_LOSS,81.5
81.75,0,NET_LOSS,81.75,0,NET_LOSS,81.75,81.75,NET_LOSS,2106.9914973637897,,,,0,NET_LOSS,81.75
82.0,0,NET_LOSS,82.0,0,NET_LOSS,82.0,82.0,NET_LOSS,2090.032008977993,,,,0,NET_LOSS,82.0
82.25,0,NET_LOSS,82.25,0,NET_LOSS,82.25,82.25,NET_LOSS,2042.5821285318625,,,,0,NET_LOSS,82.25
82.5,0,NET_LOSS,82.5,0,NET_LOSS,82.5,82.5,NET_LOSS,2021.844173215674,,,,0,NET_LOSS,82.5
82.75,0,NET_LOSS,82.75,0,NET_LOSS,82.75,82.75,NET_LOSS,2020.929611721612,,,,0,NET_LOSS,82.75
83.0,0,NET_LOSS,83.0,0,NET_LOSS,83.0,83.0,NET_LOSS,2018.731148518148,,,,0,NET_LOSS,83.0
83.25,0,NET_LOSS,83.25,0,NET_LOSS,83.25,83.25,NET_LOSS,2029.696067349317,,,,0,NET_LOSS,83.25
83.5,0,NET_LOSS,83.5,0,NET_LOSS,83.5,83.5,NET_LOSS,2037.480493395493,,,,0,NET_LOSS,83.5
83.75,0,NET_LOSS,83.75,0,NET_LOSS,83.75,83.75,NET_LOSS,2059.0416788211787,,,,0,NET_LOSS,83.75
84.0,0,NET_LOSS,84.0,0,NET_LOSS,84.0,84.0,NET_LOSS,2086.5525285485114,,,,0,NET_LOSS,84.0
84.25,0,NET_LOSS,84.25,0,NET_LOSS,84.25,84.25,NET_LOSS,2130.892578221063,,,,0,NET_LOSS,84.25
84.5,0,NET_LOSS,84.5,0,NET_LOSS,84.5,84.5,NET_LOSS,2151.7010323943555,,,,0,NET_LOSS,84.5
84.75,0,NET_LOSS,84.75,0,NET_LOSS,84.75,84.75,NET_LOSS,2169.769555589991,,,,0,NET_LOSS,84.75
85.0,0,NET_LOSS,85.0,0,NET_LOSS,85.0,85.0,NET_LOSS,2171.3758500718973,,,,0,NET_LOSS,85.0
85.25,0,NET_LOSS,85.25,0,NET_LOSS,85.25,85.25,NET_LOSS,2169.885754396642,,,,0,NET_LOSS,85.25
85.5,0,NET_LOSS,85.5,0,NET_LOSS,85.5,85.5,NET_LOSS,2158.878280434212,,,,0,NET_LOSS,85.5
85.75,0,NET_LOSS,85.75,0,NET_LOSS,85.75,85.75,NET_LOSS,2172.8904547753696,,,,0,NET_LOSS,85.75
86.0,0,NET_LOSS,86.0,0,NET_LOSS,86.0,86.0,NET_LOSS,2170.5515062778995,,,,0,NET_LOSS,86.0
86.25,0,NET_LOSS,86.25,0,NET_LOSS,86.25,86.25,NET_LOSS,2175.202346540468,,,,0,NET_LOSS,86.25
86.5,0,NET_LOSS,86.5,0,NET_LOSS,86.5,86.5,NET_LOSS,2172.8668800661853,,,,0,NET_LOSS,86.5
86.75,0,NET_LOSS,86.75,0,NET_LOSS,86.75,86.75,NET_LOSS,2178.280065289909,,,,0,NET_LOSS,86.75
87.0,0,NET_LOSS,87.0,0,NET_LOSS,87.0,87.0,NET_LOSS,2165.1690045901514,,,,0,NET_LOSS,87.0
87.25,0,NET_LOSS,87.25,0,NET_LOSS,87.25,87.25,NET_LOSS,2161.0174893581247,,,,0,NET_LOSS,87.25
87.5,0,NET_LOSS,87.5,0,NET_LOSS,87.5,87.5,NET_LOSS,2146.2630720502866,,,,0,NET_LOSS,87.5
87.75,0,NET_LOSS,87.75,0,NET_LOSS,87.75,87.75,NET_LOSS,2161.446879639704,,,,0,NET_LOSS,87.75
88.0,0,NET_LOSS,88.0,0,NET_LOSS,88.0,88.0,NET_LOSS,2158.585214897039,,,,0,NET_LOSS,88.0
88.25,0,NET_LOSS,88.25,0,NET_LOSS,88.25,88.25,NET_LOSS,2171.4266963452105,,,,0,NET_LOSS,88.25
88.5,0,NET_LOSS,88.5,0,NET_LOSS,88.5,88.5,NET_LOSS,2174.5067306877627,,,,0,NET_LOSS,88.5
88.75,0,NET_LOSS,88.75,0,NET_LOSS,88.75,88.75,NET_LOSS,2176.1072154360318,,,,0,NET_LOSS,88.75
89.0,0,NET_LOSS,89.0,0,NET_LOSS,89.0,89.0,NET_LOSS,2168.2329648926684,,,,0,NET_LOSS,89.0
89.25,0,NET_LOSS,89.25,0,NET_LOSS,89.25,89.25,NET_LOSS,2185.387995281438,,,,0,NET_LOSS,89.25
89.5,0,NET_LOSS,89.5,0,NET_LOSS,89.5,89.5,NET_LOSS,2176.71880421293,,,,0,NET_LOSS,89.5
89.75,0,NET_LOSS,89.75,0,NET_LOSS,89.75,89.75,NET_LOSS,2180.24812589743,,,,0,NET_LOSS,89.75
90.0,0,NET_LOSS,90.0,0,NET_LOSS,90.0,90.0,NET_LOSS,2198.732784617382,,,,0,NET_LOSS,90.0
90.25,0,NET_LOSS,90.25,0,NET_LOSS,90.25,90.25,NET_LOSS,2182.450065087325,,,,0,NET_LOSS,90.25
90.5,0,NET_LOSS,90.5,0,NET_LOSS,90.5,90.5,NET_LOSS,2192.0267151133567,,,,0,NET_LOSS,90.5
90.75,0,NET_LOSS,90.75,0,NET_LOSS,90.75,90.75,NET_LOSS,2180.337417540428,,,,0,NET_LOSS,90.75
91.0,0,NET_LOSS,91.0,0,NET_LOSS,91.0,91.0,NET_LOSS,2180.195095751106,,,,0,NET_LOSS,91.0
91.25,0,NET_LOSS,91.25,0,NET_LOSS,91.25,91.25,NET_LOSS,2168.6892515406607,,,,0,NET_LOSS,91.25
91.5,0,NET_LOSS,91.5,0,NET_LOSS,91.5,91.5,NET_LOSS,2174.3583804914524,,,,0,NET_LOSS,91.5
91.75,0,NET_LOSS,91.75,0,NET_LOSS,91.75,91.75,NET_LOSS,2178.100596101607,,,,0,NET_LOSS,91.75
92.0,0,NET_LOSS,92.0,0,NET_LOSS,92.0,92.0,NET_LOSS,2178.579661453996,,,,0,NET_LOSS,92.0
92.25,0,NET_LOSS,92.25,0,NET_LOSS,92.25,92.25,NET_LOSS,2206.039765220929,,,,0,NET_LOSS,92.25
92.5,0,NET_LOSS,92.5,0,NET_LOSS,92.5,92.5,NET_LOSS,2256.684933878491,,,,0,NET_LOSS,92.5
92.75,0,NET_LOSS,92.75,0,NET_LOSS,92.75,92.75,NET_LOSS,2291.9142193607863,,,,0,NET_LOSS,92.75
93.0,0,NET_LOSS,93.0,0,NET_LOSS,93.0,93.0,NET_LOSS,2338.972001741986,,,,0,NET_LOSS,93.0
93.25,0,NET_LOSS,93.25,0,NET_LOSS,93.25,93.25,NET_LOSS,2343.270368409368,,,,0,NET_LOSS,93.25
93.5,0,NET_LOSS,93.5,0,NET_LOSS,93.5,93.5,NET_LOSS,2293.6321895264227,,,,0,NET_LOSS,93.5
93.75,0,NET_LOSS,93.75,0,NET_LOSS,93.75,93.75,NET_LOSS,2316.388311543295,,,,0,NET_LOSS,93.75
94.0,0,NET_LOSS,94.0,0,NET_LOSS,94.0,94.0,NET_LOSS,2237.691759151244,,,,0,NET_LOSS,94.0
94.25,0,NET_LOSS,94.25,0,NET_LOSS,94.25,94.25,NET_LOSS,2171.0810869031543,,,,0,NET_LOSS,94.25
94.5,0,NET_LOSS,94.5,0,NET_LOSS,94.5,94.5,NET_LOSS,2122.8703851981927,,,,0,NET_LOSS,94.5
94.75,0,NET_LOSS,94.75,0,NET_LOSS,94.75,94.75,NET_LOSS,2094.63110247092,,,,0,NET_LOSS,94.75
95.0,0,NET_LOSS,95.0,0,NET_LOSS,95.0,95.0,NET_LOSS,2095.118398005632,,,,0,NET_LOSS,95.0
95.25,0,NET_LOSS,95.25,0,NET_LOSS,95.25,95.25,NET_LOSS,2081.9539441816773,,,,0,NET_LOSS,95.25
95.5,0,NET_LOSS,95.5,0,NET_LOSS,95.5,95.5,NET_LOSS,2059.4589603111945,,,,0,NET_LOSS,95.5
95.75,0,NET_LOSS,95.75,0,NET_LOSS,95.75,95.75,NET_LOSS,2077.32139573688,,,,0,NET_LOSS,95.75
96.0,0,NET_LOSS,96.0,0,NET_LOSS,96.0,96.0,NET_LOSS,2107.612085096319,,,,0,NET_LOSS,96.0
96.25,0,NET_LOSS,96.25,0,NET_LOSS,96.25,96.25,NET_LOSS,2146.437837371822,,,,0,NET_LOSS,96.25
96.5,0,NET_LOSS,96.5,0,NET_LOSS,96.5,96.5,NET_LOSS,2165.724208568475,,,,0,NET_LOSS,96.5
96.75,0,NET_LOSS,96.75,0,NET_LOSS,96.75,96.75,NET_LOSS,2162.0676428676275,,,,0,NET_LOSS,96.75
97.0,0,NET_LOSS,97.0,0,NET_LOSS,97.0,97.0,NET_LOSS,2166.5058644457563,,,,0,NET_LOSS,97.0
97.25,0,NET_LOSS,97.25,0,NET_LOSS,97.25,97.25,NET_LOSS,2191.136707048022,,,,0,NET_LOSS,97.25
97.5,0,NET_LOSS,97.5,0,NET_LOSS,97.5,97.5,NET_LOSS,2184.622145046796,,,,0,NET_LOSS,97.5
97.75,0,NET_LOSS,97.75,0,NET_LOSS,97.75,97.75,NET_LOSS,2172.1261367838456,,,,0,NET_LOSS,97.75
98.0,0,NET_LOSS,98.0,0,NET_LOSS,98.0,98.0,NET_LOSS,2175.85033369054,,,,0,NET_LOSS,98.0
98.25,0,NET_LOSS,98.25,0,NET_LOSS,98.25,98.25,NET_LOSS,2192.116571398574,,,,0,NET_LOSS,98.25
98.5,0,NET_LOSS,98.5,0,NET_LOSS,98.5,98.5,NET_LOSS,2215.202131466442,,,,0,NET_LOSS,98.5
98.75,0,NET_LOSS,98.75,0,NET_LOSS,98.75,98.75,NET_LOSS,2211.007559767308,,,,0,NET_LOSS,98.75
99.0,0,NET_LOSS,99.0,0,NET_LOSS,99.0,99.0,NET_LOSS,2178.4814215019787,,,,0,NET_LOSS,99.0
99.25,0,NET_LOSS,99.25,0,NET_LOSS,99.25,99.25,NET_LOSS,2127.4364025142104,,,,0,NET_LOSS,99.25
99.5,0,NET_LOSS,99.5,0,NET_LOSS,99.5,99.5,NET_LOSS,2105.2355198590867,,,,0,NET_LOSS,99.5
99.75,0,NET_LOSS,99.75,0,NET_LOSS,99.75,99.75,NET_LOSS,2080.1547085629422,,,,0,NET_LOSS,99.75
100.0,0,NET_LOSS,100.0,0,NET_LOSS,100.0,100.0,NET_LOSS,2066.7705037122373,,,,0,NET_LOSS,100.0
100.25,0,NET_LOSS,100.25,0,NET_LOSS,100.25,100.25,NET_LOSS,2115.537941663176,,,,0,NET_LOSS,100.25
100.5,0,NET_LOSS,100.5,0,NET_LOSS,100.5,100.5,NET_LOSS,2145.335015714312,,,,0,NET_LOSS,100.5
100.75,0,NET_LOSS,100.75,0,NET_LOSS,100.75,100.75,NET_LOSS,2167.554005289863,,,,0,NET_LOSS,100.75
101.0,0,NET_LOSS,101.0,0,NET_LOSS,101.0,101.0,NET_LOSS,2170.400538625844,,,,0,NET_LOSS,101.0
101.25,0,NET_LOSS,101.25,0,NET_LOSS,101.25,101.25,NET_LOSS,2164.1677541764816,,,,0,NET_LOSS,101.25
101.5,0,NET_LOSS,101.5,0,NET_LOSS,101.5,101.5,NET_LOSS,2147.5065453085103,,,,0,NET_LOSS,101.5
101.75,0,NET_LOSS,101.75,0,NET_LOSS,101.75,101.75,NET_LOSS,2126.2681502842174,,,,0,NET_LOSS,101.75
102.0,0,NET_LOSS,102.0,0,NET_LOSS,102.0,102.0,NET_LOSS,2138.2301768409952,,,,0,NET_LOSS,102.0
102.25,0,NET_LOSS,102.25,0,NET_LOSS,102.25,102.25,NET_LOSS,2138.19233190815,,,,0,NET_LOSS,102.25
102.5,0,NET_LOSS,102.5,0,NET_LOSS,102.5,102.5,NET_LOSS,2134.084429560497,,,,0,NET_LOSS,102.5
102.75,0,NET_LOSS,102.75,0,NET_LOSS,102.75,102.75,NET_LOSS,2141.490461306529,,,,0,NET_LOSS,102.75
103.0,0,NET_LOSS,103.0,0,NET_LOSS,103.0,103.0,NET_LOSS,2155.400387491456,,,,0,NET_LOSS,103.0
103.25,0,NET_LOSS,103.25,0,NET_LOSS,103.25,103.25,NET_LOSS,2173.3644404816487,,,,0,NET_LOSS,103.25
103.5,0,NET_LOSS,103.5,0,NET_LOSS,103.5,103.5,NET_LOSS,2198.659304628281,,,,0,NET_LOSS,103.5
103.75,0,NET_LOSS,103.75,0,NET_LOSS,103.75,103.75,NET_LOSS,2206.972637695508,,,,0,NET_LOSS,103.75
104.0,0,NET_LOSS,104.0,0,NET_LOSS,104.0,104.0,NET_LOSS,2186.4648202698777,,,,0,NET_LOSS,104.0
104.25,0,NET_LOSS,104.25,0,NET_LOSS,104.25,104.25,NET_LOSS,2225.9561625811607,,,,0,NET_LOSS,104.25
104.5,0,NET_LOSS,104.5,0,NET_LOSS,104.5,104.5,NET_LOSS,2206.6357243457846,,,,0,NET_LOSS,104.5
104.75,0,NET_LOSS,104.75,0,NET_LOSS,104.75,104.75,NET_LOSS,2202.9743422834026,,,,0,NET_LOSS,104.75
105.0,0,NET_LOSS,105.0,0,NET_LOSS,105.0,105.0,NET_LOSS,2194.060577484885,,,,0,NET_LOSS,105.0
105.25,0,NET_LOSS,105.25,0,NET_LOSS,105.25,105.25,NET_LOSS,2155.2481503643985,,,,0,NET_LOSS,105.25
105.5,0,NET_LOSS,105.5,0,NET_LOSS,105.5,105.5,NET_LOSS,2157.382101266623,,,,0,NET_LOSS,105.5
105.75,0,NET_LOSS,105.75,0,NET_LOSS,105.75,105.75,NET_LOSS,2166.336158080672,,,,0,NET_LOSS,105.75
106.0,0,NET_LOSS,106.0,0,NET_LOSS,106.0,106.0,NET_LOSS,2162.762673821705,,,,0,NET_LOSS,106.0
106.25,0,NET_LOSS,106.25,0,NET_LOSS,106.25,106.25,NET_LOSS,2172.8468296576893,,,,0,NET_LOSS,106.25
106.5,0,NET_LOSS,106.5,0,NET_LOSS,106.5,106.5,NET_LOSS,2204.714461880581,,,,0,NET_LOSS,106.5
106.75,0,NET_LOSS,106.75,0,NET_LOSS,106.75,106.75,NET_LOSS,2208.208549430592,,,,0,NET_LOSS,106.75
107.0,0,NET_LOSS,107.0,0,NET_LOSS,107.0,107.0,NET_LOSS,2208.799148136455,,,,0,NET_LOSS,107.0
107.25,0,NET_LOSS,107.25,0,NET_LOSS,107.25,107.25,NET_LOSS,2259.3715699646277,,,,0,NET_LOSS,107.25
107.5,0,NET_LOSS,107.5,0,NET_LOSS,107.5,107.5,NET_LOSS,2224.011167367224,,,,0,NET_LOSS,107.5
107.75,0,NET_LOSS,107.75,0,NET_LOSS,107.75,107.75,NET_LOSS,2238.4728332469003,,,,0,NET_LOSS,107.75
108.0,0,NET_LOSS,108.0,0,NET_LOSS,108.0,108.0,NET_LOSS,2234.0028259208925,,,,0,NET_LOSS,108.0
108.25,0,NET_LOSS,108.25,0,NET_LOSS,108.25,108.25,NET_LOSS,2208.4930688504774,,,,0,NET_LOSS,108.25
108.5,0,NET_LOSS,108.5,0,NET_LOSS,108.5,108.5,NET_LOSS,2172.6007988609185,,,,0,NET_LOSS,108.5
108.75,0,NET_LOSS,108.75,0,NET_LOSS,108.75,108.75,NET_LOSS,2177.750212092926,,,,0,NET_LOSS,108.75
109.0,0,NET_LOSS,109.0,0,NET_LOSS,109.0,109.0,NET_LOSS,2200.711072206743,,,,0,NET_LOSS,109.0
109.25,0,NET_LOSS,109.25,0,NET_LOSS,109.25,109.25,NET_LOSS,2235.565200639508,,,,0,NET_LOSS,109.25
109.5,0,NET_LOSS,109.5,0,NET_LOSS,109.5,109.5,NET_LOSS,2250.692974883041,,,,0,NET_LOSS,109.5
109.75,0,NET_LOSS,109.75,0,NET_LOSS,109.75,109.75,NET_LOSS,2269.5320753658925,,,,0,NET_LOSS,109.75
110.0,0,NET_LOSS,110.0,0,NET_LOSS,110.0,110.0,NET_LOSS,2217.767233957301,,,,0,NET_LOSS,110.0
110.25,0,NET_LOSS,110.25,0,NET_LOSS,110.25,110.25,NET_LOSS,2135.462709669277,,,,0,NET_LOSS,110.25
110.5,0,NET_LOSS,110.5,0,NET_LOSS,110.5,110.5,NET_LOSS,2117.776623810691,,,,0,NET_LOSS,110.5
110.75,0,NET_LOSS,110.75,0,NET_LOSS,110.75,110.75,NET_LOSS,2130.2104639396985,,,,0,NET_LOSS,110.75
111.0,0,NET_LOSS,111.0,0,NET_LOSS,111.0,111.0,NET_LOSS,2135.783163212648,,,,0,NET_LOSS,111.0
111.25,0,NET_LOSS,111.25,0,NET_LOSS,111.25,111.25,NET_LOSS,2172.1980162328964,,,,0,NET_LOSS,111.25
111.5,0,NET_LOSS,111.5,0,NET_LOSS,111.5,111.5,NET_LOSS,2166.1520977052005,,,,0,NET_LOSS,111.5
111.75,0,NET_LOSS,111.75,0,NET_LOSS,111.75,111.75,NET_LOSS,2152.138601790705,,,,0,NET_LOSS,111.75
112.0,0,NET_LOSS,112.0,0,NET_LOSS,112.0,112.0,NET_LOSS,2141.1811658519828,,,,0,NET_LOSS,112.0
112.25,0,NET_LOSS,112.25,0,NET_LOSS,112.25,112.25,NET_LOSS,2121.114616234933,,,,0,NET_LOSS,112.25
112.5,0,NET_LOSS,112.5,0,NET_LOSS,112.5,112.5,NET_LOSS,2144.87372517846,,,,0,NET_LOSS,112.5
112.75,0,NET_LOSS,112.75,0,NET_LOSS,112.75,112.75,NET_LOSS,2150.500614791932,,,,0,NET_LOSS,112.75
113.0,0,NET_LOSS,113.0,0,NET_LOSS,113.0,113.0,NET_LOSS,2167.86028786498,,,,0,NET_LOSS,113.0
113.25,0,NET_LOSS,113.25,0,NET_LOSS,113.25,113.25,NET_LOSS,2160.212435942337,,,,0,NET_LOSS,113.25
113.5,0,NET_LOSS,113.5,0,NET_LOSS,113.5,113.5,NET_LOSS,2161.235837645896,,,,0,NET_LOSS,113.5
113.75,0,NET_LOSS,113.75,0,NET_LOSS,113.75,113.75,NET_LOSS,2159.562614611568,,,,0,NET_LOSS,113.75
114.0,0,NET_LOSS,114.0,0,NET_LOSS,114.0,114.0,NET_LOSS,2148.274630193197,,,,0,NET_LOSS,114.0
114.25,0,NET_LOSS,114.25,0,NET_LOSS,114.25,114.25,NET_LOSS,2167.6191516185318,,,,0,NET_LOSS,114.25
114.5,0,NET_LOSS,114.5,0,NET_LOSS,114.5,114.5,NET_LOSS,2177.460876007631,,,,0,NET_LOSS,114.5
114.75,0,NET_LOSS,114.75,0,NET_LOSS,114.75,114.75,NET_LOSS,2218.0013411179016,,,,0,NET_LOSS,114.75
115.0,0,NET_LOSS,115.0,0,NET_LOSS,115.0,115.0,NET_LOSS,2214.129904450402,,,,0,NET_LOSS,115.0
115.25,0,NET_LOSS,115.25,0,NET_LOSS,115.25,115.25,NET_LOSS,2172.6871752482325,,,,0,NET_LOSS,115.25
115.5,0,NET_LOSS,115.5,0,NET_LOSS,115.5,115.5,NET_LOSS,2140.808917804476,,,,0,NET_LOSS,115.5
115.75,0,NET_LOSS,115.75,0,NET_LOSS,115.75,115.75,NET_LOSS,2137.5838452004127,,,,0,NET_LOSS,115.75
116.0,0,NET_LOSS,116.0,0,NET_LOSS,116.0,116.0,NET_LOSS,2146.0225309035995,,,,0,NET_LOSS,116.0
116.25,0,NET_LOSS,116.25,0,NET_LOSS,116.25,116.25,NET_LOSS,2164.816414871483,,,,0,NET_LOSS,116.25
116.5,0,NET_LOSS,116.5,0,NET_LOSS,116.5,116.5,NET_LOSS,2193.963826949956,,,,0,NET_LOSS,116.5
116.75,0,NET_LOSS,116.75,0,NET_LOSS,116.75,116.75,NET_LOSS,2202.577091574961,,,,0,NET_LOSS,116.75
117.0,0,NET_LOSS,117.0,0,NET_LOSS,117.0,117.0,NET_LOSS,2197.059474171532,,,,0,NET_LOSS,117.0
117.25,0,NET_LOSS,117.25,0,NET_LOSS,117.25,117.25,NET_LOSS,2194.6209265524844,,,,0,NET_LOSS,117.25
117.5,0,NET_LOSS,117.5,0,NET_LOSS,117.5,117.5,NET_LOSS,2177.7262905983484,,,,0,NET_LOSS,117.5
117.75,0,NET_LOSS,117.75,0,NET_LOSS,117.75,117.75,NET_LOSS,2180.944584249142,,,,0,NET_LOSS,117.75
118.0,0,NET_LOSS,118.0,0,NET_LOSS,118.0,118.0,NET_LOSS,2196.300803314611,,,,0,NET_LOSS,118.0
118.25,0,NET_LOSS,118.25,0,NET_LOSS,118.25,118.25,NET_LOSS,2207.065005542121,,,,0,NET_LOSS,118.25
118.5,0,NET_LOSS,118.5,0,NET_LOSS,118.5,118.5,NET_LOSS,2210.1571509245164,,,,0,NET_LOSS,118.5
118.75,0,NET_LOSS,118.75,0,NET_LOSS,118.75,118.75,NET_LOSS,2208.2290210543865,,,,0,NET_LOSS,118.75
119.0,0,NET_LOSS,119.0,0,NET_LOSS,119.0,119.0,NET_LOSS,2195.639485854294,,,,0,NET_LOSS,119.0
119.25,0,NET_LOSS,119.25,0,NET_LOSS,119.25,119.25,NET_LOSS,2201.587193024869,,,,0,NET_LOSS,119.25
119.5,0,NET_LOSS,119.5,0,NET_LOSS,119.5,119.5,NET_LOSS,2235.816587058644,,,,0,NET_LOSS,119.5
