minutes,apigateway_api_gateway,apigateway_source,apigateway_Minutes,customersservice_customers_service,customersservice_source,customersservice_Minutes,srtt_Minutes,srtt_source,srtt_SRTT_cumulative,vetsservice_vets_service,vetsservice_source,vetsservice_Minutes,visitsservice_visits_service,visitsservice_source,visitsservice_Minutes
0.0,0.0,BASELINE,0.0,0.0,BASELINE,0.0,0.0,BASELINE,555.0,0.0,BASELINE,0.0,0.0,BASELINE,0.0
0.25,0.0,BASELINE,0.25,0.0,BASELINE,0.25,0.25,BASELINE,571.0,0.0,BASELINE,0.25,0.0,BASELINE,0.25
0.5,0.0,BASELINE,0.5,0.0,BASELINE,0.5,0.5,BASELINE,518.0,0.0,BASELINE,0.5,0.0,BASELINE,0.5
0.75,0.0,BASELINE,0.75,0.0,BASELINE,0.75,0.75,BASELINE,396.75,0.0,BASELINE,0.75,0.0,BASELINE,0.75
1.0,0.0,BASELINE,1.0,0.0,BASELINE,1.0,1.0,BASELINE,401.25,0.0,BASELINE,1.0,0.0,BASELINE,1.0
1.25,0.0,BASELINE,1.25,0.0,BASELINE,1.25,1.25,BASELINE,364.5,0.0,BASELINE,1.25,0.0,BASELINE,1.25
1.5,0.0,BASELINE,1.5,0.0,BASELINE,1.5,1.5,BASELINE,356.25,0.0,BASELINE,1.5,0.0,BASELINE,1.5
1.75,0.0,BASELINE,1.75,0.0,BASELINE,1.75,1.75,BASELINE,273.75,0.0,BASELINE,1.75,0.0,BASELINE,1.75
2.0,0.0,BASELINE,2.0,0.0,BASELINE,2.0,2.0,BASELINE,1822.5,0.0,BASELINE,2.0,0.0,BASELINE,2.0
2.25,0.0,BASELINE,2.25,0.0,BASELINE,2.25,2.25,BASELINE,3857.25,0.0,BASELINE,2.25,0.0,BASELINE,2.25
2.5,0.0,BASELINE,2.5,0.0,BASELINE,2.5,2.5,BASELINE,3822.75,0.0,BASELINE,2.5,0.0,BASELINE,2.5
2.75,0.0,BASELINE,2.75,0.0,BASELINE,2.75,2.75,BASELINE,3807.75,0.0,BASELINE,2.75,0.0,BASELINE,2.75
3.0,0.0,BASELINE,3.0,7.0,BASELINE,3.0,3.0,BASELINE,3810.0,0.0,BASELINE,3.0,0.0,BASELINE,3.0
3.25,0.0,BASELINE,3.25,7.0,BASELINE,3.25,3.25,BASELINE,8238.75,0.0,BASELINE,3.25,0.0,BASELINE,3.25
3.5,0.0,BASELINE,3.5,7.0,BASELINE,3.5,3.5,BASELINE,8250.0,0.0,BASELINE,3.5,0.0,BASELINE,3.5
3.75,0.0,BASELINE,3.75,7.0,BASELINE,3.75,3.75,BASELINE,8226.0,0.0,BASELINE,3.75,0.0,BASELINE,3.75
4.0,0.0,BASELINE,4.0,44.0,BASELINE,4.0,4.0,BASELINE,7113.75,0.0,BASELINE,4.0,0.0,BASELINE,4.0
4.25,0.0,BASELINE,4.25,44.0,BASELINE,4.25,4.25,BASELINE,7458.932714285713,0.0,BASELINE,4.25,0.0,BASELINE,4.25
4.5,0.0,BASELINE,4.5,44.0,BASELINE,4.5,4.5,BASELINE,7883.457809523809,0.0,BASELINE,4.5,0.0,BASELINE,4.5
4.75,0.0,BASELINE,4.75,44.0,BASELINE,4.75,4.75,BASELINE,7792.322428571428,0.0,BASELINE,4.75,0.0,BASELINE,4.75
5.0,0.0,BASELINE,5.0,0.0,BASELINE,5.0,5.0,BASELINE,7517.905865079366,0.0,BASELINE,28.0,0.0,BASELINE,5.0
5.25,0.0,BASELINE,5.25,0.0,BASELINE,5.25,5.25,BASELINE,6872.330539682539,0.0,BASELINE,28.25,0.0,BASELINE,5.25
5.5,0.0,BASELINE,5.5,0.0,BASELINE,5.5,5.5,BASELINE,6644.182777777776,0.0,BASELINE,28.5,0.0,BASELINE,5.5
5.75,0.0,BASELINE,5.75,0.0,BASELINE,5.75,5.75,BASELINE,6529.577634920635,0.0,BASELINE,28.75,0.0,BASELINE,5.75
6.0,0.0,BASELINE,6.0,49.0,BASELINE,6.0,6.0,BASELINE,6565.635206349206,0.0,BASELINE,29.0,0.0,BASELINE,6.0
6.25,0.0,BASELINE,6.25,49.0,BASELINE,6.25,6.25,BASELINE,6415.749142857141,0.0,BASELINE,29.25,0.0,BASELINE,6.25
6.5,0.0,BASELINE,6.5,49.0,BASELINE,6.5,6.5,BASELINE,6258.992666666666,0.0,BASELINE,29.5,0.0,BASELINE,6.5
6.75,0.0,BASELINE,6.75,49.0,BASELINE,6.75,6.75,BASELINE,6348.489405372405,0.0,BASELINE,29.75,0.0,BASELINE,6.75
7.0,0.0,BASELINE,7.0,43.0,BASELINE,7.0,7.0,BASELINE,6462.850405372405,0.0,BASELINE,30.0,0.0,BASELINE,7.0
7.25,0.0,BASELINE,7.25,43.0,BASELINE,7.25,7.25,BASELINE,7170.925523809522,0.0,BASELINE,30.25,0.0,BASELINE,7.25
7.5,0.0,BASELINE,7.5,43.0,BASELINE,7.5,7.5,BASELINE,7725.662293650793,0.0,BASELINE,30.5,0.0,BASELINE,7.5
7.75,0.0,BASELINE,7.75,43.0,BASELINE,7.75,7.75,BASELINE,7757.4091269841265,0.0,BASELINE,30.75,0.0,BASELINE,7.75
8.0,0.0,BASELINE,8.0,0.0,BASELINE,8.0,8.0,BASELINE,7642.343682539682,0.0,BASELINE,31.0,0.0,BASELINE,8.0
8.25,0.0,BASELINE,8.25,0.0,BASELINE,8.25,8.25,BASELINE,7719.934388888887,0.0,BASELINE,31.25,0.0,BASELINE,8.25
8.5,0.0,BASELINE,8.5,0.0,BASELINE,8.5,8.5,BASELINE,7655.277603174602,0.0,BASELINE,31.5,0.0,BASELINE,8.5
8.75,0.0,BASELINE,8.75,0.0,BASELINE,8.75,8.75,BASELINE,7710.597269841271,0.0,BASELINE,31.75,0.0,BASELINE,8.75
9.0,0.0,BASELINE,9.0,53.0,BASELINE,9.0,9.0,BASELINE,7944.166071428573,0.0,BASELINE,32.0,0.0,BASELINE,9.0
9.25,0.0,BASELINE,9.25,53.0,BASELINE,9.25,9.25,BASELINE,8362.016404761906,0.0,BASELINE,32.25,0.0,BASELINE,9.25
9.5,0.0,BASELINE,9.5,53.0,BASELINE,9.5,9.5,BASELINE,8379.648880952382,0.0,BASELINE,32.5,0.0,BASELINE,9.5
9.75,0.0,BASELINE,9.75,53.0,BASELINE,9.75,9.75,BASELINE,8359.901714285714,0.0,BASELINE,32.75,0.0,BASELINE,9.75
10.0,0.0,BASELINE,10.0,18.0,BASELINE,10.0,10.0,BASELINE,8366.12723809524,0.0,BASELINE,54.0,0.0,BASELINE,18.0
10.25,0.0,BASELINE,10.25,18.0,BASELINE,10.25,10.25,BASELINE,8544.409452380954,0.0,BASELINE,54.25,0.0,BASELINE,18.25
10.5,0.0,BASELINE,10.5,18.0,BASELINE,10.5,10.5,BASELINE,8476.978452380954,0.0,BASELINE,54.5,0.0,BASELINE,18.5
10.75,0.0,BASELINE,10.75,18.0,BASELINE,10.75,10.75,BASELINE,8208.506904761907,0.0,BASELINE,54.75,0.0,BASELINE,18.75
11.0,0.0,BASELINE,11.0,7.0,BASELINE,11.0,11.0,BASELINE,8028.954476190477,0.0,BASELINE,55.0,0.0,BASELINE,19.0
11.25,0.0,BASELINE,11.25,7.0,BASELINE,11.25,11.25,BASELINE,7363.033293650797,0.0,BASELINE,55.25,0.0,BASELINE,19.25
11.5,0.0,BASELINE,11.5,7.0,BASELINE,11.5,11.5,BASELINE,6826.848691086692,0.0,BASELINE,55.5,0.0,BASELINE,19.5
11.75,0.0,BASELINE,11.75,7.0,BASELINE,11.75,11.75,BASELINE,6596.701357753358,0.0,BASELINE,55.75,0.0,BASELINE,19.75
12.0,0.0,BASELINE,12.0,189.0,BASELINE,12.0,12.0,BASELINE,6346.610706959708,0.0,BASELINE,56.0,0.0,BASELINE,20.0
12.25,0.0,BASELINE,12.25,189.0,BASELINE,12.25,12.25,BASELINE,5497.252714285714,0.0,BASELINE,56.25,0.0,BASELINE,20.25
12.5,0.0,BASELINE,12.5,189.0,BASELINE,12.5,12.5,BASELINE,4704.099126107245,0.0,BASELINE,56.5,0.0,BASELINE,20.5
12.75,0.0,BASELINE,12.75,189.0,BASELINE,12.75,12.75,BASELINE,4726.585967377085,0.0,BASELINE,56.75,0.0,BASELINE,20.75
13.0,0.0,BASELINE,13.0,106.0,BASELINE,13.0,13.0,BASELINE,4459.342181968051,0.0,BASELINE,57.0,0.0,BASELINE,21.0
13.25,0.0,BASELINE,13.25,106.0,BASELINE,13.25,13.25,BASELINE,4428.810064446683,0.0,BASELINE,57.25,0.0,BASELINE,21.25
13.5,0.0,BASELINE,13.5,106.0,BASELINE,13.5,13.5,BASELINE,4434.43873111335,0.0,BASELINE,57.5,0.0,BASELINE,21.5
13.75,0.0,BASELINE,13.75,106.0,BASELINE,13.75,13.75,BASELINE,4274.4138288665445,0.0,BASELINE,57.75,0.0,BASELINE,21.75
14.0,0.0,BASELINE,14.0,17.0,BASELINE,14.0,14.0,BASELINE,4313.082439977657,0.0,BASELINE,58.0,7.0,BASELINE,22.0
14.25,0.0,BASELINE,14.25,17.0,BASELINE,14.25,14.25,BASELINE,4368.467438534654,0.0,BASELINE,58.25,7.0,BASELINE,22.25
14.5,0.0,BASELINE,14.5,17.0,BASELINE,14.5,14.5,BASELINE,4414.163705472324,0.0,BASELINE,58.5,7.0,BASELINE,22.5
14.75,0.0,BASELINE,14.75,17.0,BASELINE,14.75,14.75,BASELINE,4526.9151114602255,0.0,BASELINE,58.75,7.0,BASELINE,22.75
15.0,0.0,BASELINE,15.0,139.0,BASELINE,15.0,15.0,BASELINE,4552.7386800876775,0.0,BASELINE,59.0,1.0,BASELINE,23.0
15.25,0.0,BASELINE,15.25,139.0,BASELINE,15.25,15.25,BASELINE,4801.537885375067,0.0,BASELINE,59.25,1.0,BASELINE,23.25
15.5,0.0,BASELINE,15.5,139.0,BASELINE,15.5,15.5,BASELINE,4921.5536944984,0.0,BASELINE,59.5,1.0,BASELINE,23.5
15.75,0.0,BASELINE,15.75,139.0,BASELINE,15.75,15.75,BASELINE,4882.600202434907,0.0,BASELINE,59.75,1.0,BASELINE,23.75
16.0,0.0,BASELINE,16.0,113.0,BASELINE,16.0,16.0,BASELINE,4823.702161852682,0.0,BASELINE,60.0,0.0,BASELINE,24.0
16.25,0.0,BASELINE,16.25,113.0,BASELINE,16.25,16.25,BASELINE,4676.385073324544,0.0,BASELINE,60.25,0.0,BASELINE,24.25
16.5,0.0,BASELINE,16.5,113.0,BASELINE,16.5,16.5,BASELINE,4673.775232304909,0.0,BASELINE,60.5,0.0,BASELINE,24.5
16.75,0.0,BASELINE,16.75,113.0,BASELINE,16.75,16.75,BASELINE,4809.437415898637,0.0,BASELINE,60.75,0.0,BASELINE,24.75
17.0,0.0,BASELINE,17.0,12.0,BASELINE,17.0,17.0,BASELINE,5043.651177754993,0.0,BASELINE,78.0,0.0,BASELINE,25.0
17.25,0.0,BASELINE,17.25,12.0,BASELINE,17.25,17.25,BASELINE,5451.3335,0.0,BASELINE,78.25,0.0,BASELINE,25.25
17.5,0.0,BASELINE,17.5,12.0,BASELINE,17.5,17.5,BASELINE,5415.837447368421,0.0,BASELINE,78.5,0.0,BASELINE,25.5
17.75,0.0,BASELINE,17.75,12.0,BASELINE,17.75,17.75,BASELINE,5532.998177527151,0.0,BASELINE,78.75,0.0,BASELINE,25.75
18.0,0.0,BASELINE,18.0,13.0,BASELINE,18.0,18.0,BASELINE,5202.256344193818,0.0,BASELINE,79.0,0.0,BASELINE,26.0
18.25,0.0,BASELINE,18.25,13.0,BASELINE,18.25,18.25,BASELINE,4363.868667621287,0.0,BASELINE,79.25,0.0,BASELINE,26.25
18.5,0.0,BASELINE,18.5,13.0,BASELINE,18.5,18.5,BASELINE,4112.229299882832,0.0,BASELINE,79.5,0.0,BASELINE,26.5
18.75,0.0,BASELINE,18.75,13.0,BASELINE,18.75,18.75,BASELINE,4089.08519106482,0.0,BASELINE,79.75,0.0,BASELINE,26.75
19.0,0.0,BASELINE,19.0,0.0,BASELINE,19.0,19.0,BASELINE,4058.740277884434,0.0,BASELINE,80.0,0.0,BASELINE,27.0
19.25,0.0,BASELINE,19.25,0.0,BASELINE,19.25,19.25,BASELINE,3991.683351421936,0.0,BASELINE,80.25,0.0,BASELINE,27.25
19.5,0.0,BASELINE,19.5,0.0,BASELINE,19.5,19.5,BASELINE,3972.721569337096,0.0,BASELINE,80.5,0.0,BASELINE,27.5
19.75,0.0,BASELINE,19.75,0.0,BASELINE,19.75,19.75,BASELINE,3956.3241183685736,0.0,BASELINE,80.75,0.0,BASELINE,27.75
20.0,0.0,BASELINE,20.0,64.0,BASELINE,20.0,20.0,BASELINE,3936.586111042566,0.0,BASELINE,81.0,0.0,BASELINE,28.0
20.25,0.0,BASELINE,20.25,64.0,BASELINE,20.25,20.25,BASELINE,3946.878277686541,0.0,BASELINE,81.25,0.0,BASELINE,28.25
20.5,0.0,BASELINE,20.5,64.0,BASELINE,20.5,20.5,BASELINE,3862.8723484206025,0.0,BASELINE,81.5,0.0,BASELINE,28.5
20.75,0.0,BASELINE,20.75,64.0,BASELINE,20.75,20.75,BASELINE,3866.51180221695,0.0,BASELINE,81.75,0.0,BASELINE,28.75
21.0,0.0,BASELINE,21.0,197.0,BASELINE,21.0,21.0,BASELINE,4127.1319614108415,0.0,BASELINE,82.0,0.0,BASELINE,32.0
21.25,0.0,BASELINE,21.25,197.0,BASELINE,21.25,21.25,BASELINE,4772.3591053356695,0.0,BASELINE,82.25,0.0,BASELINE,32.25
21.5,0.0,BASELINE,21.5,197.0,BASELINE,21.5,21.5,BASELINE,4903.106670075023,0.0,BASELINE,82.5,0.0,BASELINE,32.5
21.75,0.0,BASELINE,21.75,197.0,BASELINE,21.75,21.75,BASELINE,4944.983477424536,0.0,BASELINE,82.75,0.0,BASELINE,32.75
22.0,0.0,BASELINE,22.0,0.0,BASELINE,22.0,22.0,BASELINE,4673.137732705175,0.0,BASELINE,83.0,0.0,BASELINE,33.0
22.25,0.0,BASELINE,22.25,0.0,BASELINE,22.25,22.25,BASELINE,4231.186831558444,0.0,BASELINE,83.25,0.0,BASELINE,33.25
22.5,0.0,BASELINE,22.5,0.0,BASELINE,22.5,22.5,BASELINE,4217.9755276701935,0.0,BASELINE,83.5,0.0,BASELINE,33.5
22.75,0.0,BASELINE,22.75,0.0,BASELINE,22.75,22.75,BASELINE,4180.942766098431,0.0,BASELINE,83.75,0.0,BASELINE,33.75
23.0,0.0,BASELINE,23.0,134.0,BASELINE,23.0,23.0,BASELINE,4065.4936039611302,0.0,BASELINE,84.0,0.0,BASELINE,34.0
23.25,0.0,BASELINE,23.25,134.0,BASELINE,23.25,23.25,BASELINE,3859.3849359396486,0.0,BASELINE,84.25,0.0,BASELINE,34.25
23.5,0.0,BASELINE,23.5,134.0,BASELINE,23.5,23.5,BASELINE,3831.825254620967,0.0,BASELINE,84.5,0.0,BASELINE,34.5
23.75,0.0,BASELINE,23.75,134.0,BASELINE,23.75,23.75,BASELINE,3929.3080035498087,0.0,BASELINE,84.75,0.0,BASELINE,34.75
24.0,0.0,BASELINE,24.0,26.0,BASELINE,24.0,24.0,BASELINE,4008.741388642976,0.0,BASELINE,85.0,0.0,BASELINE,35.0
24.25,0.0,BASELINE,24.25,26.0,BASELINE,24.25,24.25,BASELINE,4358.317786594122,0.0,BASELINE,85.25,0.0,BASELINE,35.25
24.5,0.0,BASELINE,24.5,26.0,BASELINE,24.5,24.5,BASELINE,4402.142980179213,0.0,BASELINE,85.5,0.0,BASELINE,35.5
24.75,0.0,BASELINE,24.75,26.0,BASELINE,24.75,24.75,BASELINE,4416.426077247061,0.0,BASELINE,85.75,0.0,BASELINE,35.75
25.0,0.0,BASELINE,25.0,146.0,BASELINE,25.0,25.0,BASELINE,4490.452432225416,0.0,BASELINE,86.0,7.0,BASELINE,36.0
25.25,0.0,BASELINE,25.25,146.0,BASELINE,25.25,25.25,BASELINE,5025.150475426533,0.0,BASELINE,86.25,7.0,BASELINE,36.25
25.5,0.0,BASELINE,25.5,146.0,BASELINE,25.5,25.5,BASELINE,5015.679760544797,0.0,BASELINE,86.5,7.0,BASELINE,36.5
25.75,0.0,BASELINE,25.75,146.0,BASELINE,25.75,25.75,BASELINE,4955.545166894004,0.0,BASELINE,86.75,7.0,BASELINE,36.75
26.0,0.0,BASELINE,26.0,31.0,BASELINE,26.0,26.0,BASELINE,4782.972521448869,0.0,BASELINE,87.0,1.0,BASELINE,37.0
26.25,0.0,BASELINE,26.25,31.0,BASELINE,26.25,26.25,BASELINE,4365.089619667596,0.0,BASELINE,87.25,1.0,BASELINE,37.25
26.5,0.0,BASELINE,26.5,31.0,BASELINE,26.5,26.5,BASELINE,4408.286695889074,0.0,BASELINE,87.5,1.0,BASELINE,37.5
26.75,0.0,BASELINE,26.75,31.0,BASELINE,26.75,26.75,BASELINE,4409.42768139632,0.0,BASELINE,87.75,1.0,BASELINE,37.75
27.0,0.0,BASELINE,27.0,21.0,BASELINE,27.0,27.0,BASELINE,4421.402863214503,0.0,BASELINE,88.0,1.0,BASELINE,38.0
27.25,0.0,BASELINE,27.25,21.0,BASELINE,27.25,27.25,BASELINE,4579.735517446651,0.0,BASELINE,88.25,1.0,BASELINE,38.25
27.5,0.0,BASELINE,27.5,21.0,BASELINE,27.5,27.5,BASELINE,4615.478244596565,0.0,BASELINE,88.5,1.0,BASELINE,38.5
27.75,0.0,BASELINE,27.75,21.0,BASELINE,27.75,27.75,BASELINE,4608.18233983466,0.0,BASELINE,88.75,1.0,BASELINE,38.75
28.0,0.0,BASELINE,28.0,0.0,BASELINE,28.0,28.0,BASELINE,4552.95619467337,0.0,BASELINE,89.0,1.0,BASELINE,39.0
28.25,0.0,BASELINE,28.25,0.0,BASELINE,28.25,28.25,BASELINE,4565.300719474756,0.0,BASELINE,89.25,1.0,BASELINE,39.25
28.5,0.0,BASELINE,28.5,0.0,BASELINE,28.5,28.5,BASELINE,4413.078215103005,0.0,BASELINE,89.5,1.0,BASELINE,39.5
28.75,0.0,BASELINE,28.75,0.0,BASELINE,28.75,28.75,BASELINE,4389.614715103005,0.0,BASELINE,89.75,1.0,BASELINE,39.75
29.0,0.0,BASELINE,29.0,7.0,BASELINE,29.0,29.0,BASELINE,4290.056330808937,0.0,BASELINE,90.0,1.0,BASELINE,40.0
29.25,0.0,BASELINE,29.25,7.0,BASELINE,29.25,29.25,BASELINE,3726.842731670297,0.0,BASELINE,90.25,1.0,BASELINE,40.25
29.5,0.0,BASELINE,29.5,7.0,BASELINE,29.5,29.5,BASELINE,3562.084683261184,0.0,BASELINE,90.5,1.0,BASELINE,40.5
29.75,0.0,BASELINE,29.75,7.0,BASELINE,29.75,29.75,BASELINE,3638.027956709957,0.0,BASELINE,90.75,1.0,BASELINE,40.75
30.0,0.0,BASELINE,30.0,17.0,BASELINE,30.0,30.0,BASELINE,3902.6914870090286,0.0,BASELINE,91.0,1.0,BASELINE,41.0
30.25,0.0,BASELINE,30.25,17.0,BASELINE,30.25,30.25,BASELINE,4336.352997014451,0.0,BASELINE,91.25,1.0,BASELINE,41.25
30.5,0.0,BASELINE,30.5,17.0,BASELINE,30.5,30.5,BASELINE,4407.740897173739,0.0,BASELINE,91.5,1.0,BASELINE,41.5
30.75,0.0,BASELINE,30.75,17.0,BASELINE,30.75,30.75,BASELINE,4391.014230507071,0.0,BASELINE,91.75,1.0,BASELINE,41.75
31.0,0.0,BASELINE,31.0,0.0,BASELINE,31.0,31.0,BASELINE,4410.702625510976,0.0,BASELINE,92.0,0.0,BASELINE,42.0
31.25,0.0,BASELINE,31.25,0.0,BASELINE,31.25,31.25,BASELINE,4297.035030257892,0.0,BASELINE,92.25,0.0,BASELINE,42.25
31.5,0.0,BASELINE,31.5,0.0,BASELINE,31.5,31.5,BASELINE,4116.7081768884855,0.0,BASELINE,92.5,0.0,BASELINE,42.5
31.75,0.0,BASELINE,31.75,0.0,BASELINE,31.75,31.75,BASELINE,4211.799697700597,0.0,BASELINE,92.75,0.0,BASELINE,42.75
32.0,0.0,BASELINE,32.0,20.0,BASELINE,32.0,32.0,BASELINE,4337.068668174568,0.0,BASELINE,93.0,0.0,BASELINE,43.0
32.25,0.0,BASELINE,32.25,20.0,BASELINE,32.25,32.25,BASELINE,4476.157116984342,,,,0.0,BASELINE,43.25
32.5,0.0,BASELINE,32.5,20.0,BASELINE,32.5,32.5,BASELINE,4676.980579582608,,,,0.0,BASELINE,43.5
32.75,0.0,BASELINE,32.75,20.0,BASELINE,32.75,32.75,BASELINE,4701.05517207345,,,,0.0,BASELINE,43.75
33.0,0.0,BASELINE,33.0,0.0,BASELINE,33.0,33.0,BASELINE,4655.845876591155,,,,0.0,BASELINE,44.0
33.25,0.0,BASELINE,33.25,0.0,BASELINE,33.25,33.25,BASELINE,4771.79447233288,,,,0.0,BASELINE,44.25
33.5,0.0,BASELINE,33.5,0.0,BASELINE,33.5,33.5,BASELINE,4711.4428499435735,,,,0.0,BASELINE,44.5
33.75,0.0,BASELINE,33.75,0.0,BASELINE,33.75,33.75,BASELINE,4683.91377181118,,,,0.0,BASELINE,44.75
34.0,0.0,BASELINE,34.0,109.0,BASELINE,34.0,34.0,BASELINE,4464.127810600167,,,,0.0,BASELINE,45.0
34.25,0.0,BASELINE,34.25,109.0,BASELINE,34.25,34.25,BASELINE,4106.435393590897,,,,0.0,BASELINE,45.25
34.5,0.0,BASELINE,34.5,109.0,BASELINE,34.5,34.5,BASELINE,4082.3932031147056,,,,0.0,BASELINE,45.5
34.75,0.0,BASELINE,34.75,109.0,BASELINE,34.75,34.75,BASELINE,4052.4359130378575,,,,0.0,BASELINE,45.75
35.0,0.0,BASELINE,35.0,68.0,BASELINE,35.0,35.0,BASELINE,4069.2055786134742,,,,6.0,BASELINE,46.0
35.25,0.0,BASELINE,35.25,68.0,BASELINE,35.25,35.25,BASELINE,4157.443315385141,,,,6.0,BASELINE,46.25
35.5,0.0,BASELINE,35.5,68.0,BASELINE,35.5,35.5,BASELINE,4187.201886965078,,,,6.0,BASELINE,46.5
35.75,0.0,BASELINE,35.75,68.0,BASELINE,35.75,35.75,BASELINE,4208.472448679866,,,,2.0,BASELINE,46.75
36.0,0.0,BASELINE,36.0,42.0,BASELINE,36.0,36.0,BASELINE,4257.805771128069,,,,2.0,BASELINE,47.0
36.25,0.0,BASELINE,36.25,42.0,BASELINE,36.25,36.25,BASELINE,4332.275109947895,,,,2.0,BASELINE,47.25
36.5,0.0,BASELINE,36.5,42.0,BASELINE,36.5,36.5,BASELINE,4392.705306095812,,,,2.0,BASELINE,47.5
36.75,0.0,BASELINE,36.75,42.0,BASELINE,36.75,36.75,BASELINE,4309.509105930503,,,,2.0,BASELINE,47.75
37.0,0.0,BASELINE,37.0,21.0,BASELINE,37.0,37.0,BASELINE,4210.076798325441,,,,2.0,BASELINE,48.0
37.25,0.0,BASELINE,37.25,21.0,BASELINE,37.25,37.25,BASELINE,3930.444561199649,,,,2.0,BASELINE,48.25
37.5,0.0,BASELINE,37.5,21.0,BASELINE,37.5,37.5,BASELINE,3911.250421368485,,,,2.0,BASELINE,48.5
37.75,0.0,BASELINE,37.75,21.0,BASELINE,37.75,37.75,BASELINE,3942.1799066687336,,,,2.0,BASELINE,48.75
38.0,0.0,BASELINE,38.0,0.0,BASELINE,38.0,38.0,BASELINE,3956.533935789371,,,,2.0,BASELINE,49.0
38.25,0.0,BASELINE,38.25,0.0,BASELINE,38.25,38.25,BASELINE,4063.039231022274,,,,2.0,BASELINE,49.25
38.5,0.0,BASELINE,38.5,0.0,BASELINE,38.5,38.5,BASELINE,4111.080895470401,,,,2.0,BASELINE,49.5
38.75,0.0,BASELINE,38.75,0.0,BASELINE,38.75,38.75,BASELINE,4061.1485669736303,,,,2.0,BASELINE,49.75
39.0,0.0,BASELINE,39.0,12.0,BASELINE,39.0,39.0,BASELINE,4012.619918342352,,,,2.0,BASELINE,50.0
39.25,0.0,BASELINE,39.25,12.0,BASELINE,39.25,39.25,BASELINE,3579.1592295325654,,,,2.0,BASELINE,50.25
39.5,0.0,BASELINE,39.5,12.0,BASELINE,39.5,39.5,BASELINE,3429.519084869212,,,,2.0,BASELINE,50.5
39.75,0.0,BASELINE,39.75,12.0,BASELINE,39.75,39.75,BASELINE,3438.792460009927,,,,2.0,BASELINE,50.75
40.0,0.0,BASELINE,40.0,31.0,BASELINE,40.0,40.0,BASELINE,3455.2512507747174,,,,2.0,BASELINE,51.0
40.25,0.0,BASELINE,40.25,31.0,BASELINE,40.25,40.25,BASELINE,3624.683361143088,,,,2.0,BASELINE,51.25
40.5,0.0,BASELINE,40.5,31.0,BASELINE,40.5,40.5,BASELINE,3640.8505993381273,,,,2.0,BASELINE,51.5
40.75,0.0,BASELINE,40.75,31.0,BASELINE,40.75,40.75,BASELINE,3632.20880212302,,,,0.0,BASELINE,54.75
41.0,0.0,BASELINE,41.0,181.0,BASELINE,41.0,41.0,BASELINE,3642.416384279994,,,,0.0,BASELINE,55.0
41.25,0.0,BASELINE,41.25,181.0,BASELINE,41.25,41.25,BASELINE,3638.280391972918,,,,0.0,BASELINE,55.25
41.5,0.0,BASELINE,41.5,181.0,BASELINE,41.5,41.5,BASELINE,3583.726666137019,,,,0.0,BASELINE,55.5
41.75,0.0,BASELINE,41.75,181.0,BASELINE,41.75,41.75,BASELINE,3596.2589233199983,,,,0.0,BASELINE,55.75
42.0,0.0,BASELINE,42.0,142.0,BASELINE,42.0,42.0,BASELINE,3602.721476179917,,,,0.0,BASELINE,56.0
42.25,0.0,BASELINE,42.25,142.0,BASELINE,42.25,42.25,BASELINE,3644.907642048289,,,,0.0,BASELINE,56.25
42.5,0.0,BASELINE,42.5,142.0,BASELINE,42.5,42.5,BASELINE,3614.236749015852,,,,0.0,BASELINE,56.5
42.75,0.0,BASELINE,42.75,142.0,BASELINE,42.75,42.75,BASELINE,3624.119597386779,,,,1.0,BASELINE,56.75
43.0,0.0,BASELINE,43.0,12.0,BASELINE,43.0,43.0,BASELINE,3627.061883101065,,,,1.0,BASELINE,57.0
43.25,0.0,BASELINE,43.25,12.0,BASELINE,43.25,43.25,BASELINE,3710.3849455766704,,,,1.0,BASELINE,57.25
43.5,0.0,BASELINE,43.5,12.0,BASELINE,43.5,43.5,BASELINE,3647.099800853121,,,,1.0,BASELINE,57.5
43.75,0.0,BASELINE,43.75,12.0,BASELINE,43.75,43.75,BASELINE,3647.102185468505,,,,7.0,BASELINE,57.75
44.0,0.0,BASELINE,44.0,232.0,BASELINE,44.0,44.0,BASELINE,3641.329103079994,,,,7.0,BASELINE,58.0
44.25,0.0,BASELINE,44.25,232.0,BASELINE,44.25,44.25,BASELINE,3718.054818402604,,,,7.0,BASELINE,58.25
44.5,0.0,BASELINE,44.5,232.0,BASELINE,44.5,44.5,BASELINE,3916.515974216107,,,,7.0,BASELINE,58.5
44.75,0.0,BASELINE,44.75,232.0,BASELINE,44.75,44.75,BASELINE,3942.827660529794,,,,0.0,BASELINE,58.75
45.0,0.0,BASELINE,45.0,64.0,BASELINE,45.0,45.0,BASELINE,4224.136081209928,,,,0.0,BASELINE,59.0
45.25,0.0,BASELINE,45.25,64.0,BASELINE,45.25,45.25,BASELINE,4650.6481010101015,,,,0.0,BASELINE,59.25
45.5,0.0,BASELINE,45.5,64.0,BASELINE,45.5,45.5,BASELINE,4645.261699746802,,,,0.0,BASELINE,59.5
45.75,0.0,BASELINE,45.75,64.0,BASELINE,45.75,45.75,BASELINE,4744.006808344513,,,,0.0,BASELINE,59.75
46.0,0.0,BASELINE,46.0,0.0,BASELINE,46.0,46.0,BASELINE,4568.026681360387,,,,0.0,BASELINE,60.0
46.25,0.0,BASELINE,46.25,0.0,BASELINE,46.25,46.25,BASELINE,4316.793693661172,,,,0.0,BASELINE,60.25
46.5,0.0,BASELINE,46.5,0.0,BASELINE,46.5,46.5,BASELINE,4283.116689506065,,,,0.0,BASELINE,60.5
46.75,0.0,BASELINE,46.75,0.0,BASELINE,46.75,46.75,BASELINE,4216.822436511077,,,,0.0,BASELINE,60.75
47.0,0.0,BASELINE,47.0,0.0,BASELINE,47.0,47.0,BASELINE,4114.036056277136,,,,0.0,BASELINE,61.0
47.25,0.0,BASELINE,47.25,0.0,BASELINE,47.25,47.25,BASELINE,3721.6330624690186,,,,0.0,BASELINE,61.25
47.5,0.0,BASELINE,47.5,0.0,BASELINE,47.5,47.5,BASELINE,3808.269027502273,,,,0.0,BASELINE,61.5
47.75,0.0,BASELINE,47.75,0.0,BASELINE,47.75,47.75,BASELINE,3797.23726379376,,,,0.0,BASELINE,61.75
48.0,0.0,BASELINE,48.0,0.0,BASELINE,48.0,48.0,BASELINE,3765.1356339236295,,,,0.0,BASELINE,62.0
48.25,0.0,BASELINE,48.25,0.0,BASELINE,48.25,48.25,BASELINE,3661.901395968852,,,,0.0,BASELINE,62.25
48.5,0.0,BASELINE,48.5,0.0,BASELINE,48.5,48.5,BASELINE,3532.386892992795,,,,0.0,BASELINE,62.5
48.75,0.0,BASELINE,48.75,0.0,BASELINE,48.75,48.75,BASELINE,3569.707175660889,,,,0.0,BASELINE,62.75
49.0,0.0,BASELINE,49.0,24.0,BASELINE,49.0,49.0,BASELINE,3636.7418858318056,,,,0.0,BASELINE,63.0
49.25,0.0,BASELINE,49.25,24.0,BASELINE,49.25,49.25,BASELINE,4086.6376134569537,,,,0.0,BASELINE,63.25
49.5,0.0,BASELINE,49.5,24.0,BASELINE,49.5,49.5,BASELINE,4020.340728299841,,,,0.0,BASELINE,63.5
49.75,0.0,BASELINE,49.75,24.0,BASELINE,49.75,49.75,BASELINE,4001.820828964493,,,,0.0,BASELINE,71.75
50.0,0.0,BASELINE,50.0,0.0,BASELINE,50.0,50.0,BASELINE,3984.643750575145,,,,0.0,BASELINE,72.0
50.25,0.0,BASELINE,50.25,0.0,BASELINE,50.25,50.25,BASELINE,3903.7824158071658,,,,0.0,BASELINE,72.25
50.5,0.0,BASELINE,50.5,0.0,BASELINE,50.5,50.5,BASELINE,3981.0508829327982,,,,0.0,BASELINE,72.5
50.75,0.0,BASELINE,50.75,0.0,BASELINE,50.75,50.75,BASELINE,3999.60625741217,,,,0.0,BASELINE,72.75
51.0,0.0,BASELINE,51.0,151.0,BASELINE,51.0,51.0,BASELINE,4011.984297114133,,,,0.0,BASELINE,73.0
51.25,0.0,BASELINE,51.25,151.0,BASELINE,51.25,51.25,BASELINE,4043.543633346192,,,,0.0,BASELINE,73.25
51.5,0.0,BASELINE,51.5,151.0,BASELINE,51.5,51.5,BASELINE,4098.322138828584,,,,0.0,BASELINE,73.5
51.75,0.0,BASELINE,51.75,151.0,BASELINE,51.75,51.75,BASELINE,4116.5257691370825,,,,0.0,BASELINE,73.75
52.0,0.0,BASELINE,52.0,0.0,BASELINE,52.0,52.0,BASELINE,4122.005708531023,,,,0.0,BASELINE,74.0
52.25,0.0,BASELINE,52.25,0.0,BASELINE,52.25,52.25,BASELINE,4239.618851321661,,,,0.0,BASELINE,74.25
52.5,0.0,BASELINE,52.5,0.0,BASELINE,52.5,52.5,BASELINE,4320.072958112109,,,,0.0,BASELINE,74.5
52.75,0.0,BASELINE,52.75,0.0,BASELINE,52.75,52.75,BASELINE,4285.737759865198,,,,0.0,BASELINE,74.75
53.0,0.0,BASELINE,53.0,18.0,BASELINE,53.0,53.0,BASELINE,4235.105746156684,,,,0.0,BASELINE,75.0
53.25,0.0,BASELINE,53.25,18.0,BASELINE,53.25,53.25,BASELINE,4164.0703303501205,,,,0.0,BASELINE,75.25
53.5,0.0,BASELINE,53.5,18.0,BASELINE,53.5,53.5,BASELINE,4108.270115752124,,,,0.0,BASELINE,75.5
53.75,0.0,BASELINE,53.75,18.0,BASELINE,53.75,53.75,BASELINE,4106.883241906876,,,,1.0,BASELINE,75.75
54.0,0.0,BASELINE,54.0,13.0,BASELINE,54.0,54.0,BASELINE,4069.634638457291,,,,1.0,BASELINE,76.0
54.25,0.0,BASELINE,54.25,13.0,BASELINE,54.25,54.25,BASELINE,3867.255129617436,,,,1.0,BASELINE,76.25
54.5,0.0,BASELINE,54.5,13.0,BASELINE,54.5,54.5,BASELINE,3828.923298513565,,,,1.0,BASELINE,76.5
54.75,0.0,BASELINE,54.75,13.0,BASELINE,54.75,54.75,BASELINE,3843.014559885526,,,,7.0,BASELINE,76.75
55.0,0.0,BASELINE,55.0,0.0,BASELINE,55.0,55.0,BASELINE,3860.463641917529,,,,7.0,BASELINE,77.0
55.25,0.0,BASELINE,55.25,0.0,BASELINE,55.25,55.25,BASELINE,3946.146907044628,,,,7.0,BASELINE,77.25
55.5,0.0,BASELINE,55.5,0.0,BASELINE,55.5,55.5,BASELINE,4112.180652524609,,,,7.0,BASELINE,77.5
55.75,0.0,BASELINE,55.75,0.0,BASELINE,55.75,55.75,BASELINE,4155.184136541907,,,,0.0,BASELINE,77.75
56.0,0.0,BASELINE,56.0,0.0,BASELINE,56.0,56.0,BASELINE,4143.514550620583,,,,0.0,BASELINE,78.0
56.25,0.0,BASELINE,56.25,0.0,BASELINE,56.25,56.25,BASELINE,4029.461128946288,,,,0.0,BASELINE,78.25
56.5,0.0,BASELINE,56.5,0.0,BASELINE,56.5,56.5,BASELINE,4029.91563697652,,,,0.0,BASELINE,78.5
56.75,0.0,BASELINE,56.75,0.0,BASELINE,56.75,56.75,BASELINE,4006.12126677725,,,,0.0,BASELINE,78.75
57.0,0.0,BASELINE,57.0,0.0,BASELINE,57.0,57.0,BASELINE,4020.886598003372,,,,0.0,BASELINE,79.0
57.25,0.0,BASELINE,57.25,0.0,BASELINE,57.25,57.25,BASELINE,3976.79973217355,,,,0.0,BASELINE,79.25
57.5,0.0,BASELINE,57.5,0.0,BASELINE,57.5,57.5,BASELINE,3874.0039467036127,,,,0.0,BASELINE,79.5
57.75,0.0,BASELINE,57.75,0.0,BASELINE,57.75,57.75,BASELINE,3870.876144771246,,,,0.0,BASELINE,79.75
58.0,0.0,BASELINE,58.0,0.0,BASELINE,58.0,58.0,BASELINE,3882.3762397126247,,,,0.0,BASELINE,80.0
58.25,0.0,BASELINE,58.25,0.0,BASELINE,58.25,58.25,BASELINE,3677.296592959926,,,,0.0,BASELINE,80.25
58.5,0.0,BASELINE,58.5,0.0,BASELINE,58.5,58.5,BASELINE,3840.488584041722,,,,0.0,BASELINE,80.5
58.75,0.0,BASELINE,58.75,0.0,BASELINE,58.75,58.75,BASELINE,3834.094075492866,,,,0.0,BASELINE,80.75
59.0,0.0,BASELINE,59.0,0.0,BASELINE,59.0,59.0,BASELINE,3842.254238624786,,,,0.0,BASELINE,81.0
59.25,0.0,BASELINE,59.25,0.0,BASELINE,59.25,59.25,BASELINE,3801.751207594142,,,,0.0,BASELINE,81.25
59.5,0.0,BASELINE,59.5,0.0,BASELINE,59.5,59.5,BASELINE,3575.932901819027,,,,0.0,BASELINE,81.5
59.75,0.0,BASELINE,59.75,0.0,BASELINE,59.75,59.75,BASELINE,3532.2475965431527,,,,0.0,BASELINE,81.75
60.0,0.0,BASELINE,60.0,0.0,BASELINE,60.0,60.0,BASELINE,3534.2723465431527,,,,0.0,BASELINE,82.0
60.25,0.0,BASELINE,60.25,0.0,BASELINE,60.25,60.25,BASELINE,3607.101910500377,,,,0.0,BASELINE,82.25
60.5,0.0,BASELINE,60.5,0.0,BASELINE,60.5,60.5,BASELINE,3658.6390400639216,,,,0.0,BASELINE,82.5
60.75,0.0,BASELINE,60.75,0.0,BASELINE,60.75,60.75,BASELINE,3728.0041269820376,,,,0.0,BASELINE,82.75
61.0,0.0,BASELINE,61.0,0.0,BASELINE,61.0,61.0,BASELINE,3720.495210369671,,,,0.0,BASELINE,83.0
61.25,0.0,BASELINE,61.25,0.0,BASELINE,61.25,61.25,BASELINE,3615.060765098525,,,,0.0,BASELINE,83.25
61.5,0.0,BASELINE,61.5,0.0,BASELINE,61.5,61.5,BASELINE,3464.945933676762,,,,0.0,BASELINE,83.5
61.75,0.0,BASELINE,61.75,0.0,BASELINE,61.75,61.75,BASELINE,3473.8982130872987,,,,0.0,BASELINE,83.75
62.0,0.0,BASELINE,62.0,0.0,BASELINE,62.0,62.0,BASELINE,3509.3936834919978,,,,0.0,BASELINE,84.0
62.25,0.0,BASELINE,62.25,0.0,BASELINE,62.25,62.25,BASELINE,3536.1816697075365,,,,0.0,BASELINE,84.25
62.5,0.0,BASELINE,62.5,0.0,BASELINE,62.5,62.5,BASELINE,4110.12977302565,,,,0.0,BASELINE,84.5
62.75,0.0,BASELINE,62.75,0.0,BASELINE,62.75,62.75,BASELINE,4132.798389372491,,,,0.0,BASELINE,84.75
63.0,0.0,BASELINE,63.0,9.0,BASELINE,63.0,63.0,BASELINE,4143.033168458485,,,,0.0,BASELINE,85.0
63.25,0.0,BASELINE,63.25,9.0,BASELINE,63.25,63.25,BASELINE,4152.392950192753,,,,0.0,BASELINE,85.25
63.5,0.0,BASELINE,63.5,9.0,BASELINE,63.5,63.5,BASELINE,4101.164297445602,,,,0.0,BASELINE,85.5
63.75,0.0,BASELINE,63.75,9.0,BASELINE,63.75,63.75,BASELINE,4145.136858783961,,,,0.0,BASELINE,85.75
64.0,0.0,BASELINE,64.0,0.0,BASELINE,64.0,64.0,BASELINE,4155.186622796515,,,,0.0,BASELINE,86.0
64.25,0.0,BASELINE,64.25,0.0,BASELINE,64.25,64.25,BASELINE,4215.954413484203,,,,0.0,BASELINE,86.25
64.5,0.0,BASELINE,64.5,0.0,BASELINE,64.5,64.5,BASELINE,4454.654940119496,,,,0.0,BASELINE,86.5
64.75,0.0,BASELINE,64.75,0.0,BASELINE,64.75,64.75,BASELINE,4343.391554098973,,,,0.0,BASELINE,86.75
65.0,0.0,BASELINE,65.0,0.0,BASELINE,65.0,65.0,BASELINE,4330.589305289237,,,,0.0,BASELINE,87.0
65.25,0.0,BASELINE,65.25,0.0,BASELINE,65.25,65.25,BASELINE,4272.518764331654,,,,0.0,BASELINE,87.25
65.5,0.0,BASELINE,65.5,0.0,BASELINE,65.5,65.5,BASELINE,3941.9510319427623,,,,0.0,BASELINE,87.5
65.75,0.0,BASELINE,65.75,0.0,BASELINE,65.75,65.75,BASELINE,3915.11614736328,,,,0.0,BASELINE,87.75
66.0,0.0,BASELINE,66.0,106.0,BASELINE,66.0,66.0,BASELINE,3916.239747608478,,,,0.0,BASELINE,88.0
66.25,0.0,BASELINE,66.25,106.0,BASELINE,66.25,66.25,BASELINE,3809.836001518802,,,,0.0,BASELINE,88.25
66.5,0.0,BASELINE,66.5,106.0,BASELINE,66.5,66.5,BASELINE,3615.424551608593,,,,0.0,BASELINE,88.5
66.75,0.0,BASELINE,66.75,106.0,BASELINE,66.75,66.75,BASELINE,3654.472959512517,,,,0.0,BASELINE,88.75
67.0,0.0,BASELINE,67.0,0.0,BASELINE,67.0,67.0,BASELINE,3698.209881544869,,,,0.0,BASELINE,89.0
67.25,0.0,BASELINE,67.25,0.0,BASELINE,67.25,67.25,BASELINE,3677.609616826764,,,,0.0,BASELINE,89.25
67.5,0.0,BASELINE,67.5,0.0,BASELINE,67.5,67.5,BASELINE,3796.220586237792,,,,0.0,BASELINE,89.5
67.75,0.0,BASELINE,67.75,0.0,BASELINE,67.75,67.75,BASELINE,3834.078578112961,,,,6.0,BASELINE,89.75
68.0,0.0,BASELINE,68.0,0.0,BASELINE,68.0,68.0,BASELINE,3830.427175511091,,,,6.0,BASELINE,90.0
68.25,0.0,BASELINE,68.25,0.0,BASELINE,68.25,68.25,BASELINE,3877.8667310278415,,,,6.0,BASELINE,90.25
68.5,0.0,BASELINE,68.5,0.0,BASELINE,68.5,68.5,BASELINE,4132.361617136679,,,,6.0,BASELINE,90.5
68.75,0.0,BASELINE,68.75,0.0,BASELINE,68.75,68.75,BASELINE,4130.246978551259,,,,2.0,BASELINE,90.75
69.0,0.0,BASELINE,69.0,0.0,BASELINE,69.0,69.0,BASELINE,4119.078220670778,,,,2.0,BASELINE,91.0
69.25,0.0,BASELINE,69.25,0.0,BASELINE,69.25,69.25,BASELINE,4174.584595837775,,,,2.0,BASELINE,91.25
69.5,0.0,BASELINE,69.5,0.0,BASELINE,69.5,69.5,BASELINE,4203.767978192049,,,,2.0,BASELINE,91.5
69.75,0.0,BASELINE,69.75,0.0,BASELINE,69.75,69.75,BASELINE,4219.61501101579,,,,0.0,BASELINE,91.75
70.0,0.0,BASELINE,70.0,85.0,BASELINE,70.0,70.0,BASELINE,4170.577485706751,,,,0.0,BASELINE,92.0
70.25,0.0,BASELINE,70.25,85.0,BASELINE,70.25,70.25,BASELINE,4091.0829300885975,,,,0.0,BASELINE,92.25
70.5,0.0,BASELINE,70.5,85.0,BASELINE,70.5,70.5,BASELINE,3840.43317104423,,,,0.0,BASELINE,92.5
70.75,0.0,BASELINE,70.75,85.0,BASELINE,70.75,70.75,BASELINE,3845.0345043775633,,,,0.0,BASELINE,92.75
71.0,0.0,BASELINE,71.0,0.0,BASELINE,71.0,71.0,BASELINE,3797.2251933334255,,,,0.0,BASELINE,93.0
71.25,0.0,BASELINE,71.25,0.0,BASELINE,71.25,71.25,BASELINE,3779.49573140011,,,,0.0,BASELINE,93.25
71.5,0.0,BASELINE,71.5,0.0,BASELINE,71.5,71.5,BASELINE,3563.0065141085083,,,,0.0,BASELINE,93.5
71.75,0.0,BASELINE,71.75,0.0,BASELINE,71.75,71.75,BASELINE,3470.147110618347,,,,0.0,BASELINE,93.75
72.0,0.0,BASELINE,72.0,0.0,BASELINE,72.0,72.0,BASELINE,3487.5773325619207,,,,0.0,BASELINE,94.0
72.25,0.0,BASELINE,72.25,0.0,BASELINE,72.25,72.25,BASELINE,3533.8079461594343,,,,0.0,BASELINE,94.25
72.5,0.0,BASELINE,72.5,0.0,BASELINE,72.5,72.5,BASELINE,3618.048607031872,,,,0.0,BASELINE,94.5
72.75,0.0,BASELINE,72.75,0.0,BASELINE,72.75,72.75,BASELINE,3597.7692031925358,,,,0.0,BASELINE,94.75
73.0,0.0,BASELINE,73.0,0.0,BASELINE,73.0,73.0,BASELINE,3600.0825365258684,,,,0.0,BASELINE,95.0
73.25,0.0,BASELINE,73.25,0.0,BASELINE,73.25,73.25,BASELINE,3604.455234041232,,,,0.0,BASELINE,95.25
73.5,0.0,BASELINE,73.5,0.0,BASELINE,73.5,73.5,BASELINE,3639.4977354873695,,,,0.0,BASELINE,95.5
73.75,0.0,BASELINE,73.75,0.0,BASELINE,73.75,73.75,BASELINE,3662.2689901299054,,,,0.0,BASELINE,95.75
74.0,0.0,BASELINE,74.0,37.0,BASELINE,74.0,74.0,BASELINE,3667.955938931461,,,,0.0,BASELINE,96.0
74.25,0.0,BASELINE,74.25,37.0,BASELINE,74.25,74.25,BASELINE,3705.401164673219,,,,0.0,BASELINE,96.25
74.5,0.0,BASELINE,74.5,37.0,BASELINE,74.5,74.5,BASELINE,3846.2140306491033,,,,0.0,BASELINE,96.5
74.75,0.0,BASELINE,74.75,37.0,BASELINE,74.75,74.75,BASELINE,3876.480837796513,,,,,,
75.0,0.0,BASELINE,75.0,0.0,BASELINE,75.0,75.0,BASELINE,3882.0204415806434,,,,,,
75.25,0.0,BASELINE,75.25,0.0,BASELINE,75.25,75.25,BASELINE,3857.514550831224,,,,,,
75.5,0.0,BASELINE,75.5,0.0,BASELINE,75.5,75.5,BASELINE,3700.863993385903,,,,,,
75.75,0.0,BASELINE,75.75,0.0,BASELINE,75.75,75.75,BASELINE,3696.243968650173,,,,,,
76.0,0.0,BASELINE,76.0,23.0,BASELINE,76.0,76.0,BASELINE,3695.221118279292,,,,,,
76.25,0.0,BASELINE,76.25,23.0,BASELINE,76.25,76.25,BASELINE,3715.654548478484,,,,,,
76.5,0.0,BASELINE,76.5,23.0,BASELINE,76.5,76.5,BASELINE,3830.070753237861,,,,,,
76.75,0.0,BASELINE,76.75,23.0,BASELINE,76.75,76.75,BASELINE,3822.083488903847,,,,,,
77.0,0.0,BASELINE,77.0,0.0,BASELINE,77.0,77.0,BASELINE,3828.280226999085,,,,,,
77.25,0.0,BASELINE,77.25,0.0,BASELINE,77.25,77.25,BASELINE,3829.667787605145,,,,,,
77.5,0.0,BASELINE,77.5,0.0,BASELINE,77.5,77.5,BASELINE,3796.063264560865,,,,,,
77.75,0.0,BASELINE,77.75,0.0,BASELINE,77.75,77.75,BASELINE,3805.259022082744,,,,,,
78.0,0.0,BASELINE,78.0,0.0,BASELINE,78.0,78.0,BASELINE,3790.7017165907537,,,,,,
78.25,0.0,BASELINE,78.25,0.0,BASELINE,78.25,78.25,BASELINE,3725.6533025290414,,,,,,
78.5,0.0,BASELINE,78.5,0.0,BASELINE,78.5,78.5,BASELINE,3624.611501660462,,,,,,
78.75,0.0,BASELINE,78.75,0.0,BASELINE,78.75,78.75,BASELINE,3643.709410295728,,,,,,
79.0,0.0,BASELINE,79.0,6.0,BASELINE,79.0,79.0,BASELINE,3651.5832829263513,,,,,,
79.25,0.0,BASELINE,79.25,6.0,BASELINE,79.25,79.25,BASELINE,3676.446502071614,,,,,,
79.5,0.0,BASELINE,79.5,6.0,BASELINE,79.5,79.5,BASELINE,3802.3044462047815,,,,,,
79.75,0.0,BASELINE,79.75,6.0,BASELINE,79.75,79.75,BASELINE,3813.94699637796,,,,,,
80.0,0.0,BASELINE,80.0,0.0,BASELINE,80.0,80.0,BASELINE,3813.94699637796,,,,,,
80.25,0.0,BASELINE,80.25,0.0,BASELINE,80.25,80.25,BASELINE,3784.832589751594,,,,,,
80.5,0.0,BASELINE,80.5,0.0,BASELINE,80.5,80.5,BASELINE,3508.5676904825286,,,,,,
80.75,0.0,BASELINE,80.75,0.0,BASELINE,80.75,80.75,BASELINE,3477.371828366805,,,,,,
81.0,0.0,BASELINE,81.0,0.0,BASELINE,81.0,81.0,BASELINE,3479.555158941834,,,,,,
81.25,0.0,BASELINE,81.25,0.0,BASELINE,81.25,81.25,BASELINE,3506.601615796092,,,,,,
81.5,0.0,BASELINE,81.5,0.0,BASELINE,81.5,81.5,BASELINE,3658.285329804434,,,,,,
81.75,0.0,BASELINE,81.75,0.0,BASELINE,81.75,81.75,BASELINE,3722.867964161636,,,,,,
82.0,0.0,BASELINE,82.0,0.0,BASELINE,82.0,82.0,BASELINE,3715.448166181838,,,,,,
82.25,0.0,BASELINE,82.25,0.0,BASELINE,82.25,82.25,BASELINE,3706.490388404061,,,,,,
82.5,0.0,BASELINE,82.5,0.0,BASELINE,82.5,82.5,BASELINE,3681.348379924397,,,,,,
82.75,0.0,BASELINE,82.75,0.0,BASELINE,82.75,82.75,BASELINE,3588.49039124089,,,,,,
83.0,0.0,BASELINE,83.0,0.0,BASELINE,83.0,83.0,BASELINE,3588.49039124089,,,,,,
83.25,0.0,BASELINE,83.25,0.0,BASELINE,83.25,83.25,BASELINE,3582.6524194349545,,,,,,
83.5,0.0,BASELINE,83.5,0.0,BASELINE,83.5,83.5,BASELINE,3407.476508563063,,,,,,
83.75,0.0,BASELINE,83.75,0.0,BASELINE,83.75,83.75,BASELINE,3446.5566589648324,,,,,,
84.0,0.0,BASELINE,84.0,0.0,BASELINE,84.0,84.0,BASELINE,3416.2766128587705,,,,,,
84.25,0.0,BASELINE,84.25,0.0,BASELINE,84.25,84.25,BASELINE,3417.747663537109,,,,,,
84.5,0.0,BASELINE,84.5,0.0,BASELINE,84.5,84.5,BASELINE,3358.8990441907704,,,,,,
84.75,0.0,BASELINE,84.75,0.0,BASELINE,84.75,84.75,BASELINE,3311.1906444309284,,,,,,
85.0,0.0,BASELINE,85.0,0.0,BASELINE,85.0,85.0,BASELINE,3286.8505754462253,,,,,,
85.25,0.0,BASELINE,85.25,0.0,BASELINE,85.25,85.25,BASELINE,3237.294732203599,,,,,,
85.5,0.0,BASELINE,85.5,0.0,BASELINE,85.5,85.5,BASELINE,3116.811568277637,,,,,,
85.75,0.0,BASELINE,85.75,0.0,BASELINE,85.75,85.75,BASELINE,3069.670382580857,,,,,,
86.0,0.0,BASELINE,86.0,0.0,BASELINE,86.0,86.0,BASELINE,3046.333287549702,,,,,,
86.25,0.0,BASELINE,86.25,0.0,BASELINE,86.25,86.25,BASELINE,3045.3844969156444,,,,,,
86.5,0.0,BASELINE,86.5,0.0,BASELINE,86.5,86.5,BASELINE,3072.8227139881183,,,,,,
86.75,0.0,BASELINE,86.75,0.0,BASELINE,86.75,86.75,BASELINE,3071.725450769793,,,,,,
87.0,0.0,BASELINE,87.0,0.0,BASELINE,87.0,87.0,BASELINE,3072.507488129452,,,,,,
87.25,0.0,BASELINE,87.25,0.0,BASELINE,87.25,87.25,BASELINE,3111.301602426055,,,,,,
87.5,0.0,BASELINE,87.5,0.0,BASELINE,87.5,87.5,BASELINE,3142.290908345102,,,,,,
87.75,0.0,BASELINE,87.75,0.0,BASELINE,87.75,87.75,BASELINE,3316.847741312092,,,,,,
88.0,0.0,BASELINE,88.0,0.0,BASELINE,88.0,88.0,BASELINE,3314.755017557331,,,,,,
88.25,0.0,BASELINE,88.25,0.0,BASELINE,88.25,88.25,BASELINE,3369.3180016843157,,,,,,
88.5,0.0,BASELINE,88.5,0.0,BASELINE,88.5,88.5,BASELINE,3701.830491172084,,,,,,
88.75,0.0,BASELINE,88.75,0.0,BASELINE,88.75,88.75,BASELINE,3732.085990938171,,,,,,
89.0,0.0,BASELINE,89.0,0.0,BASELINE,89.0,89.0,BASELINE,3738.985240369848,,,,,,
89.25,0.0,BASELINE,89.25,0.0,BASELINE,89.25,89.25,BASELINE,3635.677548805615,,,,,,
89.5,0.0,BASELINE,89.5,0.0,BASELINE,89.5,89.5,BASELINE,3372.300877616315,,,,,,
89.75,0.0,BASELINE,89.75,0.0,BASELINE,89.75,89.75,BASELINE,3413.5157337537216,,,,,,
90.0,0.0,BASELINE,90.0,0.0,BASELINE,90.0,90.0,BASELINE,3431.2928151518586,,,,,,
90.25,0.0,BASELINE,90.25,0.0,BASELINE,90.25,90.25,BASELINE,3389.854826113055,,,,,,
90.5,0.0,BASELINE,90.5,0.0,BASELINE,90.5,90.5,BASELINE,3337.415342979955,,,,,,
90.75,0.0,BASELINE,90.75,0.0,BASELINE,90.75,90.75,BASELINE,3337.341106372393,,,,,,
91.0,0.0,BASELINE,91.0,0.0,BASELINE,91.0,91.0,BASELINE,3336.8602876423865,,,,,,
91.25,0.0,BASELINE,91.25,0.0,BASELINE,91.25,91.25,BASELINE,3416.0966777082704,,,,,,
91.5,0.0,BASELINE,91.5,0.0,BASELINE,91.5,91.5,BASELINE,3728.1037953466193,,,,,,
91.75,0.0,BASELINE,91.75,0.0,BASELINE,91.75,91.75,BASELINE,3726.051598816701,,,,,,
92.0,0.0,BASELINE,92.0,0.0,BASELINE,92.0,92.0,BASELINE,3705.9783667486527,,,,,,
92.25,0.0,BASELINE,92.25,0.0,BASELINE,92.25,92.25,BASELINE,3725.6377526613073,,,,,,
92.5,0.0,BASELINE,92.5,0.0,BASELINE,92.5,92.5,BASELINE,3944.9615635237233,,,,,,
92.75,0.0,BASELINE,92.75,0.0,BASELINE,92.75,92.75,BASELINE,3945.9708632214088,,,,,,
93.0,0.0,BASELINE,93.0,0.0,BASELINE,93.0,93.0,BASELINE,3919.719269456704,,,,,,
93.25,0.0,BASELINE,93.25,0.0,BASELINE,93.25,93.25,BASELINE,3897.881043006797,,,,,,
93.5,0.0,BASELINE,93.5,0.0,BASELINE,93.5,93.5,BASELINE,3844.573881639679,,,,,,
93.75,0.0,BASELINE,93.75,0.0,BASELINE,93.75,93.75,BASELINE,3786.3053824265535,,,,,,
94.0,0.0,BASELINE,94.0,0.0,BASELINE,94.0,94.0,BASELINE,3775.0519529532503,,,,,,
94.25,0.0,BASELINE,94.25,0.0,BASELINE,94.25,94.25,BASELINE,3745.234707163712,,,,,,
94.5,0.0,BASELINE,94.5,0.0,BASELINE,94.5,94.5,BASELINE,3298.69223352842,,,,,,
94.75,0.0,BASELINE,94.75,0.0,BASELINE,94.75,94.75,BASELINE,3308.5811534103264,,,,,,
95.0,0.0,BASELINE,95.0,0.0,BASELINE,95.0,95.0,BASELINE,3300.523514250635,,,,,,
95.25,0.0,BASELINE,95.25,0.0,BASELINE,95.25,95.25,BASELINE,3320.343775702634,,,,,,
95.5,0.0,BASELINE,95.5,0.0,BASELINE,95.5,95.5,BASELINE,3308.7363147322967,,,,,,
95.75,0.0,BASELINE,95.75,0.0,BASELINE,95.75,95.75,BASELINE,3242.0405103846406,,,,,,
96.0,0.0,BASELINE,96.0,0.0,BASELINE,96.0,96.0,BASELINE,3298.0345991292297,,,,,,
96.25,0.0,BASELINE,96.25,0.0,BASELINE,96.25,96.25,BASELINE,3407.94864570306,,,,,,
96.5,0.0,BASELINE,96.5,0.0,BASELINE,96.5,96.5,BASELINE,3623.80370008745,,,,,,
96.75,0.0,BASELINE,96.75,0.0,BASELINE,96.75,96.75,BASELINE,3667.85865031188,,,,,,
97.0,0.0,BASELINE,97.0,0.0,BASELINE,97.0,97.0,BASELINE,3659.2555110792377,,,,,,
97.25,0.0,BASELINE,97.25,0.0,BASELINE,97.25,97.25,BASELINE,3663.276177745905,,,,,,
97.5,0.0,BASELINE,97.5,0.0,BASELINE,97.5,97.5,BASELINE,3724.061669829724,,,,,,
97.75,0.0,BASELINE,97.75,0.0,BASELINE,97.75,97.75,BASELINE,3743.372604853281,,,,,,
98.0,0.0,BASELINE,98.0,0.0,BASELINE,98.0,98.0,BASELINE,3757.0083356851433,,,,,,
98.25,0.0,BASELINE,98.25,0.0,BASELINE,98.25,98.25,BASELINE,3717.036114589556,,,,,,
98.5,0.0,BASELINE,98.5,0.0,BASELINE,98.5,98.5,BASELINE,3485.4797002004275,,,,,,
98.75,0.0,BASELINE,98.75,0.0,BASELINE,98.75,98.75,BASELINE,3582.3953395703497,,,,,,
99.0,0.0,BASELINE,99.0,0.0,BASELINE,99.0,99.0,BASELINE,3593.518397823411,,,,,,
99.25,0.0,BASELINE,99.25,0.0,BASELINE,99.25,99.25,BASELINE,3591.1195576421496,,,,,,
99.5,0.0,BASELINE,99.5,0.0,BASELINE,99.5,99.5,BASELINE,3893.129540033566,,,,,,
99.75,0.0,BASELINE,99.75,0.0,BASELINE,99.75,99.75,BASELINE,3878.411939407793,,,,,,
100.0,0.0,BASELINE,100.0,0.0,BASELINE,100.0,100.0,BASELINE,3869.261706590118,,,,,,
100.25,0.0,BASELINE,100.25,0.0,BASELINE,100.25,100.25,BASELINE,3807.729339852567,,,,,,
100.5,0.0,BASELINE,100.5,0.0,BASELINE,100.5,100.5,BASELINE,3481.6609031866287,,,,,,
100.75,0.0,BASELINE,100.75,0.0,BASELINE,100.75,100.75,BASELINE,3447.496308184798,,,,,,
101.0,0.0,BASELINE,101.0,0.0,BASELINE,101.0,101.0,BASELINE,3456.403641518132,,,,,,
101.25,0.0,BASELINE,101.25,0.0,BASELINE,101.25,101.25,BASELINE,3522.7174730025085,,,,,,
101.5,0.0,BASELINE,101.5,0.0,BASELINE,101.5,101.5,BASELINE,3815.617519576412,,,,,,
101.75,0.0,BASELINE,101.75,0.0,BASELINE,101.75,101.75,BASELINE,3799.127321365665,,,,,,
102.0,0.0,BASELINE,102.0,0.0,BASELINE,102.0,102.0,BASELINE,3797.36868684152,,,,,,
102.25,0.0,BASELINE,102.25,0.0,BASELINE,102.25,102.25,BASELINE,3787.926238460266,,,,,,
102.5,0.0,BASELINE,102.5,0.0,BASELINE,102.5,102.5,BASELINE,3696.571939482094,,,,,,
102.75,0.0,BASELINE,102.75,0.0,BASELINE,102.75,102.75,BASELINE,3649.090775223519,,,,,,
103.0,0.0,BASELINE,103.0,0.0,BASELINE,103.0,103.0,BASELINE,3645.853945725764,,,,,,
103.25,0.0,BASELINE,103.25,0.0,BASELINE,103.25,103.25,BASELINE,3624.580345241554,,,,,,
103.5,0.0,BASELINE,103.5,0.0,BASELINE,103.5,103.5,BASELINE,3434.519165687414,,,,,,
103.75,0.0,BASELINE,103.75,0.0,BASELINE,103.75,103.75,BASELINE,3436.5094272504125,,,,,,
104.0,0.0,BASELINE,104.0,0.0,BASELINE,104.0,104.0,BASELINE,3469.9212129812845,,,,,,
104.25,0.0,BASELINE,104.25,0.0,BASELINE,104.25,104.25,BASELINE,3483.614666705338,,,,,,
104.5,0.0,BASELINE,104.5,0.0,BASELINE,104.5,104.5,BASELINE,3609.249928212183,,,,,,
104.75,0.0,BASELINE,104.75,0.0,BASELINE,104.75,104.75,BASELINE,3593.4483740268124,,,,,,
105.0,0.0,BASELINE,105.0,0.0,BASELINE,105.0,105.0,BASELINE,3577.924283117721,,,,,,
105.25,0.0,BASELINE,105.25,0.0,BASELINE,105.25,105.25,BASELINE,3488.472101338098,,,,,,
105.5,0.0,BASELINE,105.5,0.0,BASELINE,105.5,105.5,BASELINE,3043.9976866964616,,,,,,
105.75,0.0,BASELINE,105.75,0.0,BASELINE,105.75,105.75,BASELINE,3023.088840746601,,,,,,
106.0,0.0,BASELINE,106.0,0.0,BASELINE,106.0,106.0,BASELINE,3086.164508856269,,,,,,
106.25,0.0,BASELINE,106.25,0.0,BASELINE,106.25,106.25,BASELINE,3305.2587442524527,,,,,,
106.5,0.0,BASELINE,106.5,0.0,BASELINE,106.5,106.5,BASELINE,3834.717013817008,,,,,,
106.75,0.0,BASELINE,106.75,0.0,BASELINE,106.75,106.75,BASELINE,3784.412563534127,,,,,,
107.0,0.0,BASELINE,107.0,0.0,BASELINE,107.0,107.0,BASELINE,3788.998106017787,,,,,,
107.25,0.0,BASELINE,107.25,0.0,BASELINE,107.25,107.25,BASELINE,3731.5072723788767,,,,,,
107.5,0.0,BASELINE,107.5,0.0,BASELINE,107.5,107.5,BASELINE,3686.617276925569,,,,,,
107.75,0.0,BASELINE,107.75,0.0,BASELINE,107.75,107.75,BASELINE,3702.530638270107,,,,,,
108.0,0.0,BASELINE,108.0,0.0,BASELINE,108.0,108.0,BASELINE,3692.0503624799303,,,,,,
108.25,0.0,BASELINE,108.25,0.0,BASELINE,108.25,108.25,BASELINE,3673.343388993744,,,,,,
108.5,0.0,BASELINE,108.5,0.0,BASELINE,108.5,108.5,BASELINE,3771.484682411722,,,,,,
108.75,0.0,BASELINE,108.75,0.0,BASELINE,108.75,108.75,BASELINE,3812.158937876412,,,,,,
109.0,0.0,BASELINE,109.0,0.0,BASELINE,109.0,109.0,BASELINE,3823.125604543078,,,,,,
109.25,0.0,BASELINE,109.25,0.0,BASELINE,109.25,109.25,BASELINE,3820.6331045430784,,,,,,
109.5,0.0,BASELINE,109.5,0.0,BASELINE,109.5,109.5,BASELINE,3845.731208767359,,,,,,
109.75,0.0,BASELINE,109.75,0.0,BASELINE,109.75,109.75,BASELINE,3848.1197231764327,,,,,,
110.0,0.0,BASELINE,110.0,0.0,BASELINE,110.0,110.0,BASELINE,3845.6617604721873,,,,,,
110.25,0.0,BASELINE,110.25,0.0,BASELINE,110.25,110.25,BASELINE,3733.974715208222,,,,,,
110.5,0.0,BASELINE,110.5,0.0,BASELINE,110.5,110.5,BASELINE,3332.8821823769795,,,,,,
110.75,0.0,BASELINE,110.75,0.0,BASELINE,110.75,110.75,BASELINE,3294.914249475084,,,,,,
111.0,0.0,BASELINE,111.0,0.0,BASELINE,111.0,111.0,BASELINE,3272.1427465890806,,,,,,
111.25,0.0,BASELINE,111.25,0.0,BASELINE,111.25,111.25,BASELINE,3386.675977559777,,,,,,
111.5,0.0,BASELINE,111.5,0.0,BASELINE,111.5,111.5,BASELINE,3466.033812805127,,,,,,
111.75,0.0,BASELINE,111.75,0.0,BASELINE,111.75,111.75,BASELINE,3433.362867730242,,,,,,
112.0,0.0,BASELINE,112.0,0.0,BASELINE,112.0,112.0,BASELINE,3411.489664329238,,,,,,
112.25,0.0,BASELINE,112.25,0.0,BASELINE,112.25,112.25,BASELINE,3499.1302891625646,,,,,,
112.5,0.0,BASELINE,112.5,0.0,BASELINE,112.5,112.5,BASELINE,3655.3546928057926,,,,,,
112.75,0.0,BASELINE,112.75,0.0,BASELINE,112.75,112.75,BASELINE,3658.2963948509714,,,,,,
113.0,0.0,BASELINE,113.0,0.0,BASELINE,113.0,113.0,BASELINE,3671.007699574983,,,,,,
113.25,0.0,BASELINE,113.25,1.0,BASELINE,113.25,113.25,BASELINE,3640.108331244578,,,,,,
113.5,0.0,BASELINE,113.5,1.0,BASELINE,113.5,113.5,BASELINE,3638.4544252459855,,,,,,
113.75,0.0,BASELINE,113.75,1.0,BASELINE,113.75,113.75,BASELINE,3635.984308958773,,,,,,
114.0,0.0,BASELINE,114.0,1.0,BASELINE,114.0,114.0,BASELINE,3637.622482392357,,,,,,
114.25,0.0,BASELINE,114.25,0.0,BASELINE,114.25,114.25,BASELINE,3633.6596252495,,,,,,
114.5,0.0,BASELINE,114.5,0.0,BASELINE,114.5,114.5,BASELINE,3666.655433380864,,,,,,
114.75,0.0,BASELINE,114.75,0.0,BASELINE,114.75,114.75,BASELINE,3733.8351284224714,,,,,,
115.0,0.0,BASELINE,115.0,0.0,BASELINE,115.0,115.0,BASELINE,3729.342795089137,,,,,,
115.25,0.0,BASELINE,115.25,0.0,BASELINE,115.25,115.25,BASELINE,3828.5251238302217,,,,,,
115.5,0.0,BASELINE,115.5,0.0,BASELINE,115.5,115.5,BASELINE,4198.902872293102,,,,,,
115.75,0.0,BASELINE,115.75,0.0,BASELINE,115.75,115.75,BASELINE,4208.214140372558,,,,,,
116.0,0.0,BASELINE,116.0,0.0,BASELINE,116.0,116.0,BASELINE,4204.677942570136,,,,,,
116.25,0.0,BASELINE,116.25,0.0,BASELINE,116.25,116.25,BASELINE,4179.633369767921,,,,,,
116.5,0.0,BASELINE,116.5,0.0,BASELINE,116.5,116.5,BASELINE,4173.346939507747,,,,,,
116.75,0.0,BASELINE,116.75,0.0,BASELINE,116.75,116.75,BASELINE,4239.152530404238,,,,,,
117.0,0.0,BASELINE,117.0,0.0,BASELINE,117.0,117.0,BASELINE,4215.522768067636,,,,,,
117.25,0.0,BASELINE,117.25,0.0,BASELINE,117.25,117.25,BASELINE,4209.283182744292,,,,,,
117.5,0.0,BASELINE,117.5,0.0,BASELINE,117.5,117.5,BASELINE,4262.873246391175,,,,,,
117.75,0.0,BASELINE,117.75,0.0,BASELINE,117.75,117.75,BASELINE,4362.6315247461325,,,,,,
118.0,0.0,BASELINE,118.0,0.0,BASELINE,118.0,118.0,BASELINE,4339.435900702417,,,,,,
118.25,0.0,BASELINE,118.25,0.0,BASELINE,118.25,118.25,BASELINE,4204.781472130988,,,,,,
118.5,0.0,BASELINE,118.5,0.0,BASELINE,118.5,118.5,BASELINE,3830.048837326478,,,,,,
118.75,0.0,BASELINE,118.75,0.0,BASELINE,118.75,118.75,BASELINE,3830.8448389830537,,,,,,
119.0,0.0,BASELINE,119.0,0.0,BASELINE,119.0,119.0,BASELINE,3850.448013690963,,,,,,
119.25,0.0,BASELINE,119.25,,,,119.25,BASELINE,3965.4126199357615,,,,,,
,,,,,,,119.5,BASELINE,4231.640089103818,,,,,,
,,,,,,,119.75,BASELINE,4192.533393647704,,,,,,
,,,,,,,120.0,BASELINE,4130.031914989347,,,,,,
,,,,,,,120.25,BASELINE,4089.3069784814106,,,,,,
,,,,,,,120.5,BASELINE,3792.3208005137913,,,,,,
,,,,,,,120.75,BASELINE,3717.3234730185,,,,,,
,,,,,,,121.0,BASELINE,3682.244691174646,,,,,,
,,,,,,,121.25,BASELINE,3657.115867609323,,,,,,
